,id,first name,last name,email,gender,sub1_marks,sub2_marks,sub3_marks,total,Pass,Movie Genres
0,1,Shepperd,Werendell,swerendell0@wikia.com,Male,68.0,58.0,61.0,187.0,True,Comedy|Drama
1,2,Sigrid,Jannasch,sjannasch1@aboutads.info,Female,21.0,60.0,22.0,103.0,False,Adventure|Children|Drama
2,3,Dayle,Aggett,daggett2@moonfruit.com,Female,98.0,31.0,81.0,210.0,True,Action|Comedy|Drama|Thriller
3,4,Ronnica,Sallier,rsallier3@stumbleupon.com,Female,93.0,89.0,86.0,268.0,True,Adventure|Children|Comedy|Fantasy
4,5,Tierney,Mattheus,tmattheus4@t-online.de,Female,76.0,2.0,64.0,142.0,True,Comedy|Horror
5,6,Rutherford,Gotter,rgotter5@google.com.au,Male,51.0,32.0,36.0,119.0,True,Drama|Romance
6,7,Lyndy,Shreve,lshreve6@ft.com,Female,30.0,63.0,80.0,173.0,True,Adventure|Children|Musical
7,8,Harlen,Hayzer,hhayzer7@constantcontact.com,Male,28.0,58.0,88.0,174.0,True,Action|Crime|Thriller
8,9,Kimbra,Moline,kmoline8@free.fr,Female,73.0,44.0,86.0,203.0,True,Documentary
9,10,Alexei,Innman,ainnman9@bing.com,Male,11.0,35.0,97.0,143.0,True,Comedy
10,11,Armstrong,Romero,aromeroa@europa.eu,Male,67.0,17.0,29.0,113.0,True,Action|Crime|Drama
11,12,Neysa,Penbarthy,npenbarthyb@soup.io,Female,50.0,82.0,15.0,147.0,True,Comedy
12,13,Corabelle,Letty,clettyc@sbwire.com,Female,48.0,48.0,69.0,165.0,True,Documentary
13,14,Madelaine,Gaddie,mgaddied@sitemeter.com,Female,15.0,96.0,12.0,123.0,True,Drama
14,15,Amalie,Bes,abese@hatena.ne.jp,Female,60.0,6.0,83.0,149.0,True,Drama|Fantasy|Mystery
15,16,Syd,Walcar,swalcarf@gnu.org,Male,83.0,43.0,1.0,127.0,True,Crime|Thriller
16,17,Dominique,McShane,dmcshaneg@sohu.com,Male,27.0,51.0,30.0,108.0,True,Horror|Mystery
17,18,Elbertine,Branchet,ebrancheth@boston.com,Female,73.0,2.0,38.0,113.0,True,Western
18,19,Nathanil,Osgordby,nosgordbyi@studiopress.com,Male,68.0,46.0,20.0,134.0,True,Drama
19,20,Jase,Cuttles,jcuttlesj@mit.edu,Male,51.52040816326531,76.0,1.0,128.5204081632653,False,Action|Adventure|Comedy
20,21,Avictor,Croll,acrollk@tuttocitta.it,Male,97.0,65.0,29.0,191.0,True,Comedy|Drama
21,22,Pearce,Ellaway,pellawayl@facebook.com,Male,44.0,68.0,62.0,174.0,True,Animation|Comedy|Drama
22,23,Franny,Kaye,fkayem@nasa.gov,Female,31.0,65.0,73.0,169.0,True,Documentary
23,24,Gideon,Nockalls,gnockallsn@mediafire.com,Male,27.0,67.0,89.0,183.0,True,Drama
24,25,Ebeneser,Slocom,eslocomo@1688.com,Male,54.0,39.0,71.0,164.0,True,Drama|Fantasy|Horror|Romance|Thriller
25,26,Cybil,Parlott,cparlottp@instagram.com,Female,83.0,9.0,10.0,102.0,False,Comedy|Romance
26,27,Maren,Conant,mconantq@ibm.com,Female,31.0,72.0,88.0,191.0,True,Drama|Romance
27,28,Lilia,Robeson,lrobesonr@nifty.com,Female,17.0,63.0,53.0,133.0,True,Action|Romance|Thriller
28,29,Ulla,Pawlik,upawliks@pinterest.com,Female,68.0,16.0,38.0,122.0,True,Documentary
29,30,Cyril,Sargint,csargintt@kickstarter.com,Male,75.0,81.0,1.0,157.0,True,Comedy|Drama|Thriller
30,31,Christalle,Toal,ctoalu@go.com,Female,23.0,39.0,18.0,80.0,False,Children|Comedy|Drama
31,32,Ana,Hetterich,ahetterichv@nsw.gov.au,Female,74.0,74.0,41.0,189.0,True,Drama
32,33,Duffy,Simcock,dsimcockw@blogs.com,Male,42.0,51.0,65.0,158.0,True,Comedy
33,34,Jakob,Maidlow,jmaidlowx@a8.net,Male,87.0,92.0,77.0,256.0,True,Crime|Drama|Mystery|Thriller
34,35,Sorcha,Molson,smolsony@google.co.jp,Female,33.0,89.0,1.0,123.0,True,Horror|Thriller
35,36,Gail,Gallemore,ggallemorez@free.fr,Male,26.0,98.0,54.0,178.0,True,Action|Comedy|Mystery|Thriller
36,37,Monro,Dewing,mdewing10@nbcnews.com,Male,49.0,14.0,2.0,65.0,False,Drama|Romance
37,38,Verene,McAllaster,vmcallaster11@lulu.com,Female,78.0,68.0,90.0,236.0,True,Drama
38,39,Karlee,Hackley,khackley12@salon.com,Female,32.0,64.0,61.0,157.0,True,Documentary
39,40,Viole,Careless,vcareless13@weather.com,Female,51.52040816326531,63.0,86.0,200.5204081632653,False,Comedy|Fantasy|Romance
40,41,Carolann,Drinkel,cdrinkel14@unesco.org,Female,41.0,76.0,51.0,168.0,True,Action|Adventure|Western
41,42,Lionel,Dowears,ldowears15@bandcamp.com,Male,85.0,21.0,98.0,204.0,True,Comedy
42,43,Alford,Batteson,abatteson16@desdev.cn,Male,52.0,59.0,63.0,174.0,True,Romance
43,44,Brannon,Mobberley,bmobberley17@microsoft.com,Male,87.0,2.0,17.0,106.0,True,Drama|Romance|War
44,45,Tobit,Hendin,thendin18@umn.edu,Male,1.0,70.0,97.0,168.0,True,Crime|Drama|Film-Noir
45,46,Alejandra,Bagley,abagley19@scribd.com,Female,86.0,84.0,59.0,229.0,True,Drama
46,47,Norton,Leppingwell,nleppingwell1a@ovh.net,Male,17.0,95.0,55.0,167.0,True,Comedy|Drama|War
47,48,Inglis,Groneway,igroneway1b@xrea.com,Male,67.0,15.0,96.0,178.0,True,Comedy
48,49,Tresa,Solano,tsolano1c@vk.com,Female,39.0,51.0,89.0,179.0,True,Crime|Thriller
49,50,Phelia,Pitway,ppitway1d@wiley.com,Female,51.0,66.0,67.0,184.0,True,Thriller
50,51,Violet,Soitoux,vsoitoux1e@nytimes.com,Female,30.0,81.0,19.0,130.0,True,Action
51,52,Felike,Bowery,fbowery1f@alexa.com,Male,57.0,4.0,75.0,136.0,True,Comedy|Horror
52,53,Clevie,MacNeilly,cmacneilly1g@shareasale.com,Male,70.0,95.0,47.0,212.0,True,Comedy|Drama|Romance
53,54,Clerkclaude,Karlsson,ckarlsson1h@umn.edu,Male,55.0,19.0,72.0,146.0,True,Comedy
54,55,Annora,Legerwood,alegerwood1i@amazon.co.uk,Female,39.0,64.0,58.0,161.0,True,Action|Adventure|Comedy|Thriller
55,56,Kathrine,Heyns,kheyns1j@ifeng.com,Female,83.0,77.0,70.0,230.0,True,Drama|Horror
56,57,Berk,De la Yglesias,bdelayglesias1k@cocolog-nifty.com,Male,72.0,37.0,29.0,138.0,True,Comedy
57,58,Iain,Drane,idrane1l@omniture.com,Male,67.0,92.0,55.0,214.0,True,Children|Comedy|Musical
58,59,Allyce,Gibbett,agibbett1m@booking.com,Female,10.0,14.0,15.0,39.0,False,Action|Drama|Thriller
59,60,Cecil,Goering,cgoering1n@earthlink.net,Male,49.0,49.76417004048583,95.0,193.76417004048582,True,Adventure|Sci-Fi
60,61,Boote,Healks,bhealks1o@indiatimes.com,Male,27.0,1.0,59.0,87.0,False,Drama|Romance
61,62,Reade,MacArd,rmacard1p@eventbrite.com,Male,59.0,33.0,87.0,179.0,True,Comedy
62,63,Tyler,Engelbrecht,tengelbrecht1q@clickbank.net,Male,43.0,72.0,73.0,188.0,True,Comedy
63,64,Rafaela,Obee,robee1r@rambler.ru,Female,37.0,77.0,25.0,139.0,True,Sci-Fi|Thriller|Western
64,65,Dalia,Coppo,dcoppo1s@xing.com,Female,97.0,73.0,56.0,226.0,True,Crime|Drama
65,66,Jedediah,Vanns,jvanns1t@cdc.gov,Male,75.0,64.0,63.0,202.0,True,Comedy|Sci-Fi
66,67,Mattheus,Connealy,mconnealy1u@zimbio.com,Male,48.0,75.0,51.0,174.0,True,Comedy|Romance
67,68,Milzie,OIlier,moilier1v@a8.net,Female,86.0,77.0,42.0,205.0,True,Drama|Romance|War
68,69,Bonni,Cornelissen,bcornelissen1w@businessweek.com,Female,53.0,46.0,35.0,134.0,True,Action|Adventure|Western
69,70,Arden,Killen,akillen1x@springer.com,Female,54.0,13.0,13.0,80.0,False,Comedy
70,71,Rozele,Yakobovitz,ryakobovitz1y@europa.eu,Female,20.0,81.0,69.0,170.0,True,Comedy
71,72,Frank,Craighall,fcraighall1z@live.com,Female,7.0,83.0,24.0,114.0,True,Documentary
72,73,Baird,Kydd,bkydd20@businessweek.com,Male,52.0,95.0,49.0,196.0,True,Comedy|Drama
73,74,Ailey,Barbe,abarbe21@ebay.com,Female,14.0,63.0,33.0,110.0,True,Comedy|Drama|Romance
74,75,Adam,Liff,aliff22@msn.com,Male,56.0,8.0,10.0,74.0,False,Comedy|Drama|Musical|Mystery
75,76,Victor,Aiskovitch,vaiskovitch23@elpais.com,Male,6.0,32.0,9.0,47.0,False,Adventure|Documentary
76,77,Carlita,Newens,cnewens24@elpais.com,Female,2.0,45.0,73.0,120.0,True,Romance
77,78,Geoff,Knighton,gknighton25@prlog.org,Male,91.0,34.0,50.0,175.0,True,Comedy|Sci-Fi
78,79,Worth,Reynoollds,wreynoollds26@globo.com,Male,89.0,35.0,5.0,129.0,True,Drama|Fantasy|Mystery
79,80,Flori,Quickenden,fquickenden27@bigcartel.com,Female,16.0,13.0,49.85743380855397,78.85743380855396,True,Comedy|Romance
80,81,Allison,Momford,amomford28@e-recht24.de,Female,8.0,54.0,82.0,144.0,True,Action|Comedy|Drama|Horror|Thriller
81,82,Con,Schneider,cschneider29@g.co,Female,13.0,42.0,70.0,125.0,True,Comedy|Drama
82,83,Scott,Shephard,sshephard2a@nba.com,Male,57.0,50.0,21.0,128.0,True,Comedy|Drama
83,84,Brooke,Nicely,bnicely2b@npr.org,Male,82.0,86.0,73.0,241.0,True,Horror|Thriller
84,85,Vick,Mackerness,vmackerness2c@cloudflare.com,Male,9.0,74.0,67.0,150.0,True,Drama|Romance
85,86,Ronica,Marishenko,rmarishenko2d@hexun.com,Female,53.0,79.0,22.0,154.0,True,Comedy|Drama
86,87,Abigail,Mourbey,amourbey2e@yelp.com,Female,11.0,64.0,96.0,171.0,True,Documentary
87,88,Maxwell,Clemintoni,mclemintoni2f@cnn.com,Male,56.0,56.0,49.0,161.0,True,Comedy|Drama
88,89,Ken,Dowzell,kdowzell2g@si.edu,Male,95.0,2.0,10.0,107.0,True,Action|Drama
89,90,Mozes,Josilevich,mjosilevich2h@ucoz.ru,Male,64.0,21.0,39.0,124.0,True,Crime|Drama
90,91,Kalle,Riepel,kriepel2i@statcounter.com,Male,92.0,89.0,26.0,207.0,True,Documentary|Musical
91,92,Susanne,Jizhaki,sjizhaki2j@hhs.gov,Female,78.0,67.0,49.0,194.0,True,Comedy
92,93,Ford,Penk,fpenk2k@google.co.uk,Male,78.0,67.0,14.0,159.0,True,Drama
93,94,Abey,Guppy,aguppy2l@umn.edu,Male,39.0,49.0,74.0,162.0,True,Documentary
94,95,Zachery,Alloisi,zalloisi2m@wordpress.org,Male,77.0,35.0,33.0,145.0,True,Horror|Sci-Fi|Thriller
95,96,Roth,Thomann,rthomann2n@4shared.com,Male,100.0,93.0,5.0,198.0,True,Drama
96,97,Chrystel,Verriour,cverriour2o@opera.com,Female,57.0,91.0,41.0,189.0,True,Comedy
97,98,Sigismund,Gelardi,sgelardi2p@shop-pro.jp,Male,100.0,100.0,10.0,210.0,True,Comedy
98,99,Pepito,Bracco,pbracco2q@digg.com,Male,20.0,5.0,55.0,80.0,False,Horror
99,100,Taddeo,Kissell,tkissell2r@ovh.net,Male,31.0,60.0,49.85743380855397,140.85743380855396,False,Comedy|Drama
100,101,Fair,Bruckshaw,fbruckshaw2s@1688.com,Male,93.0,21.0,22.0,136.0,True,Drama|Romance
101,102,Valerye,Pressnell,vpressnell2t@mail.ru,Female,56.0,71.0,37.0,164.0,True,Comedy|Drama
102,103,Patric,Kynder,pkynder2u@msn.com,Male,19.0,98.0,65.0,182.0,True,Animation|Children
103,104,Venita,Benninck,vbenninck2v@facebook.com,Female,62.0,6.0,17.0,85.0,False,Drama
104,105,Carmel,Sparkes,csparkes2w@addtoany.com,Female,63.0,60.0,28.0,151.0,True,Crime|Thriller
105,106,Melonie,Gislebert,mgislebert2x@example.com,Female,18.0,91.0,4.0,113.0,True,Drama|Romance
106,107,Giffard,MacNockater,gmacnockater2y@sciencedirect.com,Male,78.0,17.0,57.0,152.0,True,Comedy|Drama
107,108,Tammy,Lopes,tlopes2z@netvibes.com,Male,60.0,71.0,33.0,164.0,True,Crime|Drama
108,109,Elisa,Gladhill,egladhill30@bizjournals.com,Female,66.0,2.0,20.0,88.0,False,Drama
109,110,Carmelle,Ramalho,cramalho31@java.com,Female,72.0,65.0,71.0,208.0,True,Action|Adventure|Drama|Fantasy|Romance
110,111,Victoir,Dimberline,vdimberline32@adobe.com,Male,60.0,86.0,59.0,205.0,True,Western
111,112,Pauly,Malkin,pmalkin33@cam.ac.uk,Female,3.0,100.0,63.0,166.0,True,Drama
112,113,Loreen,Oliphard,loliphard34@samsung.com,Female,36.0,16.0,63.0,115.0,True,Adventure|Animation|Comedy
113,114,Bernardo,Malyj,bmalyj35@zimbio.com,Male,100.0,17.0,7.0,124.0,True,Drama|Romance
114,115,Nadeen,Sinnett,nsinnett36@bigcartel.com,Female,21.0,17.0,70.0,108.0,True,Crime|Drama
115,116,Davie,Capelen,dcapelen37@foxnews.com,Male,29.0,49.0,6.0,84.0,False,Drama|Fantasy|Horror|Thriller|War
116,117,Elsbeth,Hollyard,ehollyard38@ebay.co.uk,Female,59.0,62.0,71.0,192.0,True,Comedy
117,118,Gordan,Coombe,gcoombe39@odnoklassniki.ru,Male,70.0,28.0,86.0,184.0,True,Adventure|Children|Drama
118,119,Livvyy,Daftor,ldaftor3a@si.edu,Female,87.0,51.0,76.0,214.0,True,Comedy|Crime|Drama
119,120,Erminia,Ridout,eridout3b@spiegel.de,Female,51.52040816326531,95.0,5.0,151.5204081632653,True,Drama
120,121,Nichole,Goold,ngoold3c@smh.com.au,Male,98.0,17.0,28.0,143.0,True,Drama
121,122,Harmonia,Joannic,hjoannic3d@marketwatch.com,Female,76.0,34.0,13.0,123.0,True,Documentary
122,123,Selina,Niess,sniess3e@usnews.com,Female,86.0,3.0,38.0,127.0,True,Drama|War
123,124,Nessy,Cayette,ncayette3f@miitbeian.gov.cn,Female,87.0,58.0,50.0,195.0,True,Comedy
124,125,Thomasin,Riehm,triehm3g@boston.com,Female,85.0,94.0,40.0,219.0,True,Drama
125,126,Imelda,Carayol,icarayol3h@sciencedaily.com,Female,44.0,38.0,10.0,92.0,False,Action
126,127,Stan,Swancock,sswancock3i@ameblo.jp,Male,58.0,79.0,56.0,193.0,True,Crime|Drama
127,128,Inness,Lavington,ilavington3j@gizmodo.com,Male,11.0,42.0,53.0,106.0,True,Horror|Mystery|Sci-Fi
128,129,Bentlee,Lightbourn,blightbourn3k@prnewswire.com,Male,46.0,1.0,72.0,119.0,True,Documentary
129,130,Malorie,Boscher,mboscher3l@weebly.com,Female,11.0,52.0,63.0,126.0,True,Crime|Drama|Film-Noir|Thriller
130,131,Adriana,Solway,asolway3m@chicagotribune.com,Female,5.0,96.0,64.0,165.0,True,Drama|Mystery|Thriller
131,132,Frans,Sutherland,fsutherland3n@cpanel.net,Male,91.0,94.0,96.0,281.0,True,Action|Crime|Drama
132,133,Melanie,Brandsen,mbrandsen3o@forbes.com,Female,28.0,63.0,19.0,110.0,True,Action|Sci-Fi
133,134,Andris,Hintzer,ahintzer3p@spotify.com,Male,59.0,1.0,24.0,84.0,False,Drama|Musical|Romance
134,135,Glenna,Jonathon,gjonathon3q@yellowbook.com,Female,84.0,73.0,50.0,207.0,True,Drama
135,136,Amelina,Woodage,awoodage3r@fema.gov,Female,40.0,19.0,36.0,95.0,False,Comedy|Drama|Horror
136,137,Bonnie,Lisciandro,blisciandro3s@time.com,Female,57.0,35.0,82.0,174.0,True,Documentary
137,138,Valentijn,Pere,vpere3t@purevolume.com,Male,44.0,23.0,83.0,150.0,True,Drama
138,139,Garnet,Wayon,gwayon3u@photobucket.com,Female,11.0,47.0,49.0,107.0,True,Documentary
139,140,Morgan,Monni,mmonni3v@de.vu,Female,51.52040816326531,24.0,97.0,172.5204081632653,True,Horror|Thriller
140,141,Lindy,Clemes,lclemes3w@blog.com,Female,87.0,6.0,82.0,175.0,True,Action|Crime|Drama
141,142,Dredi,Danilovic,ddanilovic3x@bloglovin.com,Female,39.0,38.0,32.0,109.0,True,Comedy
142,143,Geri,Stockbridge,gstockbridge3y@bbc.co.uk,Male,85.0,33.0,100.0,218.0,True,Documentary
143,144,Jonie,Straneo,jstraneo3z@telegraph.co.uk,Female,90.0,88.0,54.0,232.0,True,Comedy
144,145,Bernardina,Bett,bbett40@amazonaws.com,Female,39.0,4.0,42.0,85.0,False,Comedy|Romance
145,146,Lyndel,Ianni,lianni41@wisc.edu,Female,84.0,53.0,95.0,232.0,True,Drama
146,147,Carlin,Martinello,cmartinello42@msn.com,Male,32.0,48.0,12.0,92.0,False,Drama
147,148,Barry,Cana,bcana43@mashable.com,Male,6.0,20.0,41.0,67.0,False,Comedy
148,149,Ramon,Pearch,rpearch44@nature.com,Male,96.0,88.0,83.0,267.0,True,Romance|Western
149,150,Humphrey,McGraw,hmcgraw45@msn.com,Male,11.0,21.0,53.0,85.0,False,Comedy|Drama|Mystery|Thriller
150,151,Kate,Whelan,kwhelan46@google.ru,Female,76.0,6.0,69.0,151.0,True,Drama
151,152,Wally,Seale,wseale47@biglobe.ne.jp,Female,43.0,50.0,49.0,142.0,True,Drama
152,153,Korey,Berg,kberg48@jigsy.com,Male,86.0,44.0,41.0,171.0,True,Action|Drama|War
153,154,Beth,Cashen,bcashen49@cbc.ca,Female,23.0,97.0,56.0,176.0,True,Drama
154,155,Michel,Ferrand,mferrand4a@sina.com.cn,Female,16.0,100.0,98.0,214.0,True,Documentary
155,156,Diandra,Capron,dcapron4b@privacy.gov.au,Female,5.0,6.0,49.0,60.0,False,Comedy
156,157,Brendon,Jacmar,bjacmar4c@sogou.com,Male,94.0,42.0,57.0,193.0,True,Comedy|Musical
157,158,Jerrie,Gillum,jgillum4d@tripadvisor.com,Male,5.0,56.0,79.0,140.0,True,Comedy
158,159,Jeffry,Grunwall,jgrunwall4e@elegantthemes.com,Male,79.0,1.0,73.0,153.0,True,Horror|Thriller
159,160,Natalina,McInteer,nmcinteer4f@pen.io,Female,33.0,99.0,49.85743380855397,181.85743380855396,False,Action|Crime
160,161,Dylan,Ybarra,dybarra4g@deliciousdays.com,Male,54.0,80.0,19.0,153.0,True,Comedy|Horror
161,162,Kristine,Micklewicz,kmicklewicz4h@ezinearticles.com,Female,24.0,32.0,56.0,112.0,True,Documentary
162,163,Nikita,Rapa,nrapa4i@unc.edu,Male,75.0,52.0,82.0,209.0,True,Documentary
163,164,Archibald,Millward,amillward4j@newsvine.com,Male,13.0,73.0,67.0,153.0,True,Action|Adventure|Animation|Children
164,165,Brigg,Loft,bloft4k@jugem.jp,Male,81.0,24.0,14.0,119.0,True,Drama|Romance
165,166,Godiva,Bottrill,gbottrill4l@hibu.com,Female,16.0,21.0,47.0,84.0,False,Comedy|Crime|Romance
166,167,Roanna,Orford,rorford4m@miitbeian.gov.cn,Female,38.0,3.0,94.0,135.0,True,Comedy
167,168,Dolly,Shapland,dshapland4n@domainmarket.com,Female,82.0,87.0,69.0,238.0,True,Sci-Fi
168,169,Mahalia,Trouel,mtrouel4o@geocities.jp,Female,62.0,77.0,93.0,232.0,True,Comedy|Drama
169,170,Leeann,Menico,lmenico4p@nih.gov,Female,83.0,88.0,61.0,232.0,True,Drama|Romance
170,171,Moise,Cabera,mcabera4q@ovh.net,Male,11.0,3.0,46.0,60.0,False,Drama
171,172,Candis,Baldacchi,cbaldacchi4r@technorati.com,Female,83.0,23.0,50.0,156.0,True,Drama
172,173,Thorpe,Coyett,tcoyett4s@bloomberg.com,Male,74.0,79.0,99.0,252.0,True,Drama
173,174,Bibbie,Mecco,bmecco4t@state.gov,Female,17.0,2.0,22.0,41.0,False,Documentary
174,175,Linn,Grimston,lgrimston4u@ustream.tv,Female,53.0,79.0,52.0,184.0,True,Drama|Romance
175,176,Griff,Carslake,gcarslake4v@joomla.org,Male,96.0,29.0,87.0,212.0,True,Drama
176,177,Gabriel,Beaumont,gbeaumont4w@amazon.de,Male,64.0,60.0,53.0,177.0,True,Action|Sci-Fi|Thriller
177,178,Arie,Petrashov,apetrashov4x@deviantart.com,Male,79.0,32.0,13.0,124.0,True,Drama|Romance
178,179,Shell,Guisot,sguisot4y@netvibes.com,Male,14.0,43.0,33.0,90.0,False,Western
179,180,Gibby,Hallin,ghallin4z@amazonaws.com,Male,81.0,49.76417004048583,75.0,205.76417004048582,True,Crime|Drama
180,181,Nikolaos,Strowlger,nstrowlger50@livejournal.com,Male,61.0,90.0,38.0,189.0,True,Comedy
181,182,Perri,Halewood,phalewood51@jimdo.com,Female,67.0,91.0,78.0,236.0,True,Comedy
182,183,Cinda,Bonnor,cbonnor52@instagram.com,Female,62.0,67.0,9.0,138.0,True,Documentary
183,184,Rudolph,Truluck,rtruluck53@ed.gov,Male,88.0,86.0,74.0,248.0,True,Comedy|Sci-Fi
184,185,Elsi,Marchi,emarchi54@com.com,Female,44.0,20.0,15.0,79.0,False,Drama
185,186,Nikolaos,Kapiloff,nkapiloff55@hao123.com,Male,77.0,5.0,79.0,161.0,True,Documentary
186,187,Lynnell,Rymmer,lrymmer56@sfgate.com,Female,98.0,7.0,100.0,205.0,True,Drama
187,188,Tatiana,Moyle,tmoyle57@ameblo.jp,Female,67.0,19.0,81.0,167.0,True,Drama|Romance
188,189,Fayette,Bennell,fbennell58@buzzfeed.com,Female,9.0,24.0,65.0,98.0,False,Comedy|Drama|Romance
189,190,Cecile,Finley,cfinley59@flickr.com,Female,84.0,13.0,35.0,132.0,True,Sci-Fi|Thriller
190,191,Zebulen,Stampe,zstampe5a@mail.ru,Male,77.0,78.0,73.0,228.0,True,Comedy|Drama
191,192,Reine,Woolaghan,rwoolaghan5b@icio.us,Female,57.0,7.0,71.0,135.0,True,Drama
192,193,Jedediah,O'Fihillie,jofihillie5c@miibeian.gov.cn,Male,74.0,72.0,31.0,177.0,True,Comedy|Horror
193,194,Terri-jo,Sarvar,tsarvar5d@spotify.com,Female,84.0,49.0,53.0,186.0,True,Drama|Fantasy|Horror|Mystery|Thriller
194,195,Gilbertine,Fairlamb,gfairlamb5e@ihg.com,Female,86.0,31.0,62.0,179.0,True,Western
195,196,Arin,Canceller,acanceller5f@bloomberg.com,Male,48.0,93.0,57.0,198.0,True,Action|Adventure|Sci-Fi|IMAX
196,197,Kalila,Norsister,knorsister5g@economist.com,Female,80.0,73.0,62.0,215.0,True,Drama
197,198,Chucho,Grennan,cgrennan5h@globo.com,Male,79.0,83.0,65.0,227.0,True,Action|Sci-Fi|Thriller
198,199,Smith,Need,sneed5i@elegantthemes.com,Male,24.0,10.0,83.0,117.0,True,Drama
199,200,Adan,Gammons,agammons5j@unicef.org,Male,31.0,49.76417004048583,68.0,148.76417004048582,True,Drama
200,201,Marga,Fishleigh,mfishleigh5k@linkedin.com,Female,31.0,88.0,7.0,126.0,True,Adventure|Drama|Sci-Fi
201,202,Timoteo,Scorah,tscorah5l@weather.com,Male,33.0,41.0,19.0,93.0,False,Action|Drama
202,203,Tally,Wickwarth,twickwarth5m@twitter.com,Male,43.0,9.0,83.0,135.0,True,Children|Comedy
203,204,Timmie,Hubberstey,thubberstey5n@unicef.org,Female,37.0,2.0,26.0,65.0,False,Comedy|Drama|Musical|Romance
204,205,Ashley,Duckworth,aduckworth5o@google.com.hk,Female,66.0,34.0,24.0,124.0,True,Action|Adventure
205,206,Bancroft,Eakle,beakle5p@shop-pro.jp,Male,4.0,41.0,63.0,108.0,True,Drama
206,207,Bab,Conduit,bconduit5q@sakura.ne.jp,Female,82.0,24.0,30.0,136.0,True,Action|Adventure|Comedy
207,208,Quinta,Giacoppo,qgiacoppo5r@desdev.cn,Female,11.0,8.0,60.0,79.0,False,Drama|Thriller
208,209,Ginnie,Ruoff,gruoff5s@mit.edu,Female,75.0,6.0,79.0,160.0,True,Animation
209,210,Sibby,MacMychem,smacmychem5t@joomla.org,Female,49.0,21.0,34.0,104.0,False,Drama
210,211,Monroe,Spiers,mspiers5u@wiley.com,Male,57.0,100.0,57.0,214.0,True,Drama
211,212,Fergus,Wimbridge,fwimbridge5v@people.com.cn,Male,64.0,98.0,54.0,216.0,True,Comedy|Crime
212,213,Juline,Vass,jvass5w@va.gov,Female,72.0,15.0,16.0,103.0,False,Comedy|Drama
213,214,Shay,Brizell,sbrizell5x@zimbio.com,Male,65.0,98.0,17.0,180.0,True,Drama|Romance
214,215,Bentley,Risborough,brisborough5y@devhub.com,Male,53.0,37.0,11.0,101.0,False,Drama
215,216,Adelaida,Sigars,asigars5z@instagram.com,Female,26.0,84.0,26.0,136.0,True,Drama
216,217,Marena,Semmence,msemmence60@unicef.org,Female,26.0,29.0,29.0,84.0,False,Comedy|Drama
217,218,Zachery,Tirrell,ztirrell61@house.gov,Male,80.0,64.0,7.0,151.0,True,Drama|Romance|War
218,219,Anabel,Klemenz,aklemenz62@princeton.edu,Female,51.0,9.0,48.0,108.0,True,Comedy|Horror|Thriller
219,220,Jolynn,Menis,jmenis63@soundcloud.com,Female,51.52040816326531,31.0,73.0,155.5204081632653,False,Children|Comedy
220,221,Gav,Melross,gmelross64@digg.com,Male,70.0,17.0,68.0,155.0,True,Action|Comedy|Crime
221,222,Morley,Warnock,mwarnock65@springer.com,Male,94.0,60.0,2.0,156.0,True,Drama
222,223,Arlie,Acuna,aacuna66@dropbox.com,Female,20.0,38.0,4.0,62.0,False,Drama
223,224,Karmen,Bartoshevich,kbartoshevich67@163.com,Female,51.0,27.0,78.0,156.0,True,Crime|Drama
224,225,Mathian,McFetridge,mmcfetridge68@phpbb.com,Male,47.0,75.0,2.0,124.0,True,Comedy|Horror|Mystery
225,226,Wilow,Dasent,wdasent69@nifty.com,Female,67.0,94.0,75.0,236.0,True,Action|Comedy|Sci-Fi
226,227,Ailsun,Sterndale,asterndale6a@google.ru,Female,64.0,41.0,63.0,168.0,True,Adventure|Children
227,228,Rianon,Pering,rpering6b@marketwatch.com,Female,99.0,61.0,84.0,244.0,True,Adventure|Animation|Fantasy|Romance
228,229,Graeme,Joutapaitis,gjoutapaitis6c@twitter.com,Male,92.0,72.0,55.0,219.0,True,Crime|Drama|Film-Noir|Thriller
229,230,Ralph,Hillan,rhillan6d@hhs.gov,Male,53.0,93.0,43.0,189.0,True,Crime|Thriller
230,231,Gian,Cotmore,gcotmore6e@123-reg.co.uk,Male,65.0,64.0,2.0,131.0,True,Action|Crime
231,232,Claudia,MacCaig,cmaccaig6f@engadget.com,Female,81.0,67.0,35.0,183.0,True,Drama|Horror|Mystery
232,233,Heidi,Manna,hmanna6g@nifty.com,Female,12.0,57.0,53.0,122.0,True,Western
233,234,Sande,Larner,slarner6h@walmart.com,Female,46.0,2.0,39.0,87.0,False,Drama|Romance|Thriller|War
234,235,Jannel,Leschelle,jleschelle6i@cbsnews.com,Female,40.0,77.0,38.0,155.0,True,Comedy|Romance
235,236,Obidiah,Moth,omoth6j@netvibes.com,Male,52.0,81.0,29.0,162.0,True,Drama|Fantasy|Horror
236,237,Myrwyn,Thicking,mthicking6k@sogou.com,Male,99.0,39.0,22.0,160.0,True,Action|Crime|Thriller
237,238,Kenton,Royl,kroyl6l@wikimedia.org,Male,95.0,41.0,59.0,195.0,True,Documentary
238,239,Ana,Gres,agres6m@mysql.com,Female,89.0,99.0,11.0,199.0,True,Drama
239,240,Elijah,Ironside,eironside6n@pcworld.com,Male,13.0,49.76417004048583,58.0,120.76417004048582,True,Crime|Mystery|Thriller
240,241,Joane,Bernhardt,jbernhardt6o@unblog.fr,Female,46.0,73.0,94.0,213.0,True,Comedy|Drama
241,242,Alys,Blackler,ablackler6p@deliciousdays.com,Female,47.0,51.0,88.0,186.0,True,Comedy|Romance
242,243,Melinda,Hanbidge,mhanbidge6q@craigslist.org,Female,23.0,90.0,36.0,149.0,True,Documentary
243,244,Wendye,Jedrych,wjedrych6r@apple.com,Female,55.0,73.0,28.0,156.0,True,Drama
244,245,Clea,Coggon,ccoggon6s@deliciousdays.com,Female,68.0,55.0,21.0,144.0,True,Action|Crime|Drama
245,246,Buddy,Emlen,bemlen6t@nydailynews.com,Male,68.0,57.0,16.0,141.0,True,Action|Comedy
246,247,Filberto,Leads,fleads6u@sfgate.com,Male,77.0,5.0,95.0,177.0,True,Drama
247,248,Huntley,Strauss,hstrauss6v@hp.com,Male,97.0,72.0,29.0,198.0,True,Action|Drama|Thriller
248,249,Gibby,Lamy,glamy6w@sourceforge.net,Male,69.0,55.0,33.0,157.0,True,Action|Crime
249,250,Adelbert,Priddis,apriddis6x@networksolutions.com,Male,16.0,72.0,56.0,144.0,True,Children|Comedy|Fantasy|Horror
250,251,Gibb,Mullett,gmullett6y@mayoclinic.com,Male,34.0,60.0,2.0,96.0,False,Thriller
251,252,Gwenneth,Paxman,gpaxman6z@shop-pro.jp,Female,28.0,58.0,61.0,147.0,True,Drama|Romance
252,253,Veronica,L'Amie,vlamie70@taobao.com,Female,25.0,6.0,74.0,105.0,True,Drama|Romance
253,254,Grissel,Gylle,ggylle71@naver.com,Female,52.0,15.0,44.0,111.0,True,Documentary
254,255,Rutger,Ascraft,rascraft72@timesonline.co.uk,Male,59.0,69.0,51.0,179.0,True,Drama
255,256,Kitty,Bruniges,kbruniges73@reuters.com,Female,19.0,32.0,86.0,137.0,True,Comedy
256,257,Waiter,Malmar,wmalmar74@bbc.co.uk,Male,33.0,65.0,60.0,158.0,True,Drama|Romance
257,258,Lyndel,McCerery,lmccerery75@slashdot.org,Female,34.0,18.0,83.0,135.0,True,Comedy|Musical|Romance
258,259,Ula,Gilloran,ugilloran76@sakura.ne.jp,Female,24.0,100.0,20.0,144.0,True,Comedy|Drama
259,260,Mattias,Cogle,mcogle77@prlog.org,Male,68.0,60.0,49.85743380855397,177.85743380855396,True,Comedy|Musical|Romance
260,261,Beaufort,Paulin,bpaulin78@icio.us,Male,42.0,56.0,78.0,176.0,True,Drama
261,262,Odelia,Petrovykh,opetrovykh79@ustream.tv,Female,10.0,30.0,82.0,122.0,True,Documentary
262,263,Nobie,Kidsley,nkidsley7a@4shared.com,Male,71.0,97.0,28.0,196.0,True,Comedy
263,264,Ardis,Maudett,amaudett7b@utexas.edu,Female,44.0,84.0,39.0,167.0,True,Drama|Romance
264,265,Ibby,Sayburn,isayburn7c@de.vu,Female,31.0,70.0,40.0,141.0,True,Horror|Thriller
265,266,Sindee,Haxby,shaxby7d@mapy.cz,Female,96.0,46.0,65.0,207.0,True,Comedy|Musical|Romance
266,267,Irv,Ellerton,iellerton7e@netscape.com,Male,82.0,1.0,27.0,110.0,True,Action|Crime|Drama|Thriller
267,268,Blake,McGlade,bmcglade7f@opensource.org,Female,74.0,63.0,35.0,172.0,True,Horror
268,269,Ede,Pestor,epestor7g@bluehost.com,Female,43.0,39.0,55.0,137.0,True,Drama|Mystery
269,270,King,Mushart,kmushart7h@omniture.com,Male,58.0,59.0,97.0,214.0,True,Comedy|Romance
270,271,Kurt,Boriston,kboriston7i@typepad.com,Male,58.0,72.0,59.0,189.0,True,Comedy|Drama
271,272,Loydie,Hails,lhails7j@mozilla.com,Male,42.0,61.0,71.0,174.0,True,Horror|Thriller
272,273,Si,Albery,salbery7k@etsy.com,Male,11.0,16.0,44.0,71.0,False,Comedy
273,274,Johna,Seifenmacher,jseifenmacher7l@typepad.com,Female,65.0,64.0,41.0,170.0,True,Drama
274,275,Magdalen,Rengger,mrengger7m@cargocollective.com,Female,46.0,71.0,1.0,118.0,True,Comedy|Drama
275,276,Damita,Shmyr,dshmyr7n@unicef.org,Female,16.0,47.0,86.0,149.0,True,Drama
276,277,Halette,Nanson,hnanson7o@miitbeian.gov.cn,Female,50.0,2.0,27.0,79.0,False,Thriller
277,278,Clarke,Markwick,cmarkwick7p@icio.us,Male,2.0,35.0,58.0,95.0,False,Comedy|Drama
278,279,Olga,Timmons,otimmons7q@goo.gl,Female,50.0,93.0,77.0,220.0,True,Comedy
279,280,Harlen,Cahalan,hcahalan7r@blogger.com,Male,38.0,49.76417004048583,61.0,148.76417004048582,True,Comedy|Romance
280,281,Eydie,Metzig,emetzig7s@xinhuanet.com,Female,35.0,19.0,88.0,142.0,True,Crime|Drama|Film-Noir|Romance|Thriller
281,282,Marlowe,Bastie,mbastie7t@tinyurl.com,Male,18.0,94.0,46.0,158.0,True,Comedy|Drama|Fantasy
282,283,Jory,De Mattia,jdemattia7u@prweb.com,Male,56.0,99.0,82.0,237.0,True,Comedy|Drama|Romance
283,284,Ximenes,Jesper,xjesper7v@squarespace.com,Male,79.0,81.0,88.0,248.0,True,Drama
284,285,Shaylyn,Simmings,ssimmings7w@harvard.edu,Female,33.0,2.0,43.0,78.0,False,Action|Mystery|Thriller
285,286,Anabelle,Hush,ahush7x@aol.com,Female,42.0,91.0,27.0,160.0,True,Comedy|Romance
286,287,Harwilll,Badam,hbadam7y@bloomberg.com,Male,51.0,30.0,99.0,180.0,True,Comedy|Drama
287,288,Bastian,Marnane,bmarnane7z@sina.com.cn,Male,56.0,89.0,69.0,214.0,True,Comedy|Musical|Romance
288,289,Archambault,Lothlorien,alothlorien80@theglobeandmail.com,Male,12.0,75.0,78.0,165.0,True,Crime|Drama
289,290,Giuditta,Simmonite,gsimmonite81@list-manage.com,Female,46.0,39.0,33.0,118.0,True,Horror
290,291,Bernetta,Artois,bartois82@addtoany.com,Female,20.0,35.0,86.0,141.0,True,Comedy|Romance|Thriller
291,292,Bettine,Mulvihill,bmulvihill83@zdnet.com,Female,44.0,27.0,38.0,109.0,True,Action|Comedy|Crime
292,293,Nonah,Pahler,npahler84@meetup.com,Female,13.0,6.0,88.0,107.0,True,Drama|Romance
293,294,Darlene,Petrashkov,dpetrashkov85@hhs.gov,Female,91.0,59.0,25.0,175.0,True,Comedy
294,295,Walt,Oakley,woakley86@vk.com,Male,47.0,99.0,96.0,242.0,True,Action|Adventure|Sci-Fi|War|IMAX
295,296,Bert,Vahl,bvahl87@mapy.cz,Female,1.0,53.0,92.0,146.0,True,Adventure|Animation|Drama|Sci-Fi|War
296,297,Jeanelle,MacMenemy,jmacmenemy88@nsw.gov.au,Female,32.0,95.0,52.0,179.0,True,Horror
297,298,Ichabod,Da Costa,idacosta89@tuttocitta.it,Male,60.0,28.0,10.0,98.0,False,Horror|Thriller
298,299,Sioux,Episcopi,sepiscopi8a@latimes.com,Female,10.0,39.0,93.0,142.0,True,Comedy|Drama
299,300,Tanney,Meenehan,tmeenehan8b@soup.io,Male,55.0,24.0,49.85743380855397,128.85743380855396,False,Action|Comedy|Sci-Fi
300,301,Hersh,Francino,hfrancino8c@canalblog.com,Male,78.0,66.0,51.0,195.0,True,Mystery|Romance|Thriller
301,302,Rafferty,Demcak,rdemcak8d@china.com.cn,Male,99.0,82.0,17.0,198.0,True,Documentary|Drama
302,303,Ethelin,Stonier,estonier8e@cargocollective.com,Female,75.0,54.0,10.0,139.0,True,Horror|Thriller
303,304,Hartwell,Sparrowe,hsparrowe8f@springer.com,Male,36.0,85.0,93.0,214.0,True,Comedy|Horror
304,305,Farris,Dubique,fdubique8g@hugedomains.com,Male,11.0,58.0,61.0,130.0,True,Comedy|Drama
305,306,Otes,Langfield,olangfield8h@washingtonpost.com,Male,89.0,28.0,18.0,135.0,True,Drama
306,307,Sibylla,Luna,sluna8i@zimbio.com,Female,36.0,45.0,76.0,157.0,True,Action|Crime|Mystery|Thriller
307,308,Annette,Murt,amurt8j@meetup.com,Female,28.0,41.0,86.0,155.0,True,Action|Animation
308,309,Jock,Poulsum,jpoulsum8k@clickbank.net,Male,17.0,64.0,65.0,146.0,True,Drama
309,310,Gabbie,Thundercliffe,gthundercliffe8l@nymag.com,Female,15.0,22.0,45.0,82.0,False,Action|Drama
310,311,Cletus,Gilman,cgilman8m@mayoclinic.com,Male,58.0,12.0,7.0,77.0,False,Action|Drama|War
311,312,Clarke,McLarens,cmclarens8n@ebay.com,Male,9.0,31.0,81.0,121.0,True,Comedy|Musical
312,313,Marlon,Djurisic,mdjurisic8o@samsung.com,Male,88.0,43.0,93.0,224.0,True,Comedy|Drama
313,314,Oswald,McMenamie,omcmenamie8p@senate.gov,Male,69.0,92.0,1.0,162.0,True,Comedy|Drama
314,315,Pandora,Lummasana,plummasana8q@va.gov,Female,23.0,64.0,4.0,91.0,False,Comedy|Drama|Fantasy|Mystery
315,316,Katina,Town,ktown8r@drupal.org,Female,27.0,80.0,20.0,127.0,True,Action|Comedy|Horror|Thriller
316,317,Aileen,Kynsey,akynsey8s@behance.net,Female,23.0,54.0,100.0,177.0,True,Crime|Drama
317,318,Audrye,Yanez,ayanez8t@baidu.com,Female,58.0,89.0,36.0,183.0,True,Action|Adventure|Thriller
318,319,Rochell,Atcherley,ratcherley8u@un.org,Female,31.0,8.0,95.0,134.0,True,Adventure|Western
319,320,Tate,Peschka,tpeschka8v@friendfeed.com,Male,76.0,49.76417004048583,21.0,146.76417004048582,True,Documentary
320,321,Concordia,Cassell,ccassell8w@biglobe.ne.jp,Female,19.0,28.0,46.0,93.0,False,Sci-Fi
321,322,Raquela,Juliano,rjuliano8x@networkadvertising.org,Female,90.0,94.0,89.0,273.0,True,Documentary
322,323,Blondell,Benedicto,bbenedicto8y@mapy.cz,Female,59.0,18.0,35.0,112.0,True,Comedy
323,324,Wang,Bezemer,wbezemer8z@surveymonkey.com,Male,32.0,100.0,40.0,172.0,True,Sci-Fi
324,325,Martainn,De Simone,mdesimone90@scientificamerican.com,Male,60.0,21.0,88.0,169.0,True,Crime|Drama|Mystery
325,326,Bancroft,Zanelli,bzanelli91@fastcompany.com,Male,42.0,79.0,32.0,153.0,True,Drama
326,327,Deanne,MacWhirter,dmacwhirter92@smugmug.com,Female,76.0,69.0,87.0,232.0,True,Action|Comedy
327,328,Clary,Grob,cgrob93@umich.edu,Female,38.0,55.0,18.0,111.0,True,Documentary
328,329,Myer,Eginton,meginton94@weebly.com,Male,80.0,42.0,74.0,196.0,True,Horror|Thriller
329,330,Xavier,Chazelas,xchazelas95@stanford.edu,Male,28.0,64.0,40.0,132.0,True,Adventure|Drama
330,331,Terrill,Scoone,tscoone96@cam.ac.uk,Male,21.0,91.0,53.0,165.0,True,Comedy|Drama
331,332,Beltran,Frew,bfrew97@sciencedaily.com,Male,87.0,3.0,65.0,155.0,True,Horror|Mystery|Sci-Fi|Thriller
332,333,Ripley,Shepherdson,rshepherdson98@furl.net,Male,29.0,33.0,92.0,154.0,True,Comedy|Drama|Musical|Romance
333,334,Alix,Dundridge,adundridge99@dropbox.com,Female,39.0,72.0,45.0,156.0,True,Comedy|Drama|Romance
334,335,Carce,Gellan,cgellan9a@google.com.br,Male,47.0,62.0,49.0,158.0,True,Crime|Drama
335,336,Leupold,Lowis,llowis9b@ustream.tv,Male,84.0,60.0,54.0,198.0,True,Drama
336,337,Rriocard,Hehl,rhehl9c@japanpost.jp,Male,4.0,26.0,13.0,43.0,False,Comedy|Crime
337,338,Jillayne,Luxton,jluxton9d@spotify.com,Female,79.0,44.0,35.0,158.0,True,Crime|Drama|Horror|Mystery|Thriller
338,339,Ellette,Deane,edeane9e@pcworld.com,Female,52.0,81.0,5.0,138.0,True,Crime|Drama|Mystery|Thriller
339,340,Corinna,Prover,cprover9f@cyberchimps.com,Female,29.0,54.0,49.85743380855397,132.85743380855396,False,Drama
340,341,Sutherlan,Laroux,slaroux9g@woothemes.com,Male,22.0,45.0,46.0,113.0,True,Drama|War
341,342,Blakeley,Splain,bsplain9h@umich.edu,Female,60.0,31.0,9.0,100.0,False,Action|Adventure|Sci-Fi
342,343,Frederik,Nehls,fnehls9i@marriott.com,Male,23.0,63.0,35.0,121.0,True,Action|Thriller
343,344,Alejandrina,Boulsher,aboulsher9j@histats.com,Female,88.0,21.0,83.0,192.0,True,Drama
344,345,Pincus,Gudge,pgudge9k@dedecms.com,Male,83.0,1.0,54.0,138.0,True,Drama
345,346,Forster,Anespie,fanespie9l@typepad.com,Male,5.0,41.0,28.0,74.0,False,Comedy
346,347,Lilah,Blodgetts,lblodgetts9m@odnoklassniki.ru,Female,40.0,63.0,58.0,161.0,True,Crime|Drama|Thriller
347,348,Fabiano,Ditch,fditch9n@go.com,Male,24.0,93.0,83.0,200.0,True,Horror
348,349,Pasquale,Vargas,pvargas9o@bizjournals.com,Male,54.0,80.0,6.0,140.0,True,Mystery
349,350,Jaymie,Aylott,jaylott9p@java.com,Male,76.0,70.0,62.0,208.0,True,Adventure|Children|Drama
350,351,Felicia,Beckitt,fbeckitt9q@foxnews.com,Female,43.0,13.0,59.0,115.0,True,Drama
351,352,Malva,Cartmill,mcartmill9r@globo.com,Female,78.0,41.0,33.0,152.0,True,Action|Thriller
352,353,Nanette,Corzor,ncorzor9s@myspace.com,Female,55.0,42.0,17.0,114.0,True,Sci-Fi|Thriller
353,354,Alberto,Mabbitt,amabbitt9t@omniture.com,Male,29.0,76.0,92.0,197.0,True,Mystery|Sci-Fi
354,355,Teodor,Patriskson,tpatriskson9u@washingtonpost.com,Male,7.0,87.0,79.0,173.0,True,Horror|Mystery|Thriller
355,356,Rona,Loyley,rloyley9v@booking.com,Female,32.0,49.0,12.0,93.0,False,Comedy|Crime|Drama
356,357,Dallas,Cammomile,dcammomile9w@sakura.ne.jp,Female,18.0,35.0,18.0,71.0,False,Drama|Mystery|Thriller
357,358,Alfredo,Verdy,averdy9x@ed.gov,Male,58.0,56.0,16.0,130.0,True,Crime|Drama|Film-Noir
358,359,Tobit,Cusick,tcusick9y@timesonline.co.uk,Male,27.0,97.0,59.0,183.0,True,Documentary
359,360,Alexa,Lippingwell,alippingwell9z@hhs.gov,Female,17.0,49.76417004048583,73.0,139.76417004048582,True,Adventure|Drama|Romance
360,361,Robinet,Lockner,rlocknera0@google.com.br,Female,24.0,33.0,40.0,97.0,False,Crime|Drama
361,362,Lowrance,Perfitt,lperfitta1@jigsy.com,Male,42.0,73.0,88.0,203.0,True,Drama
362,363,Arvin,Wilfing,awilfinga2@wp.com,Male,63.0,69.0,21.0,153.0,True,Comedy|Crime|Drama|Mystery
363,364,Sandye,Weedon,sweedona3@patch.com,Female,61.0,53.0,7.0,121.0,True,Comedy|Musical|Romance
364,365,Nanice,Pyett,npyetta4@list-manage.com,Female,34.0,47.0,22.0,103.0,False,Documentary
365,366,Harlan,Boxill,hboxilla5@prweb.com,Male,12.0,84.0,45.0,141.0,True,Comedy|Western
366,367,Elisabet,Extill,eextilla6@squarespace.com,Female,82.0,17.0,72.0,171.0,True,Documentary
367,368,Carmelina,Cann,ccanna7@si.edu,Female,58.0,96.0,70.0,224.0,True,Crime|Horror|Thriller
368,369,Rogerio,Darco,rdarcoa8@spiegel.de,Male,33.0,68.0,87.0,188.0,True,Action|Drama|Thriller
369,370,Hillel,Ridgedell,hridgedella9@privacy.gov.au,Male,28.0,62.0,36.0,126.0,True,Drama
370,371,Donella,Hammel,dhammelaa@springer.com,Female,1.0,97.0,90.0,188.0,True,Action|Comedy|Crime
371,372,Freemon,Locke,flockeab@ihg.com,Male,38.0,14.0,66.0,118.0,True,Horror
372,373,Milo,Spyvye,mspyvyeac@ted.com,Male,38.0,41.0,87.0,166.0,True,Horror|Mystery|Sci-Fi
373,374,Winifred,Stringfellow,wstringfellowad@nationalgeographic.com,Female,18.0,53.0,93.0,164.0,True,Adventure|Comedy
374,375,Westley,Heggman,wheggmanae@smugmug.com,Male,77.0,1.0,30.0,108.0,True,Crime|Drama|Film-Noir
375,376,Ambrose,Ebrall,aebrallaf@bbc.co.uk,Male,79.0,13.0,46.0,138.0,True,Documentary
376,377,Helaine,Vonasek,hvonasekag@acquirethisname.com,Female,85.0,38.0,28.0,151.0,True,Documentary
377,378,Val,Coggeshall,vcoggeshallah@github.com,Female,49.0,16.0,94.0,159.0,True,Drama|Thriller
378,379,Dedra,Shales,dshalesai@goodreads.com,Female,46.0,100.0,21.0,167.0,True,Western
379,380,Blakelee,Ben,bbenaj@canalblog.com,Female,99.0,92.0,49.85743380855397,240.85743380855396,True,Romance
380,381,Godfry,Guiduzzi,gguiduzziak@aol.com,Male,81.0,52.0,74.0,207.0,True,Comedy|Drama
381,382,Stormi,Tinham,stinhamal@indiegogo.com,Female,94.0,7.0,67.0,168.0,True,Comedy
382,383,Genovera,McBean,gmcbeanam@hubpages.com,Female,42.0,24.0,80.0,146.0,True,Horror|Mystery
383,384,Mariette,Bernardez,mbernardezan@yandex.ru,Female,83.0,2.0,4.0,89.0,False,Drama|Sci-Fi
384,385,Teddie,Keyho,tkeyhoao@nasa.gov,Male,52.0,33.0,4.0,89.0,False,Documentary
385,386,Gale,Batrip,gbatripap@vistaprint.com,Female,56.0,38.0,45.0,139.0,True,Comedy|Western
386,387,Arlene,Mallen,amallenaq@imdb.com,Female,73.0,78.0,32.0,183.0,True,Fantasy
387,388,Devora,Van Weedenburg,dvanweedenburgar@diigo.com,Female,77.0,44.0,87.0,208.0,True,Drama|Romance
388,389,Mei,Malcher,mmalcheras@nba.com,Female,75.0,1.0,34.0,110.0,True,Action|Adventure|Comedy|Fantasy
389,390,Alfred,Durram,adurramat@altervista.org,Male,12.0,56.0,66.0,134.0,True,Animation|Comedy|Sci-Fi
390,391,Marielle,Whoston,mwhostonau@hexun.com,Female,40.0,90.0,12.0,142.0,True,Comedy|Musical|Romance
391,392,Brena,Purdie,bpurdieav@creativecommons.org,Female,43.0,12.0,2.0,57.0,False,Comedy|Drama|Thriller
392,393,Julee,Antonikov,jantonikovaw@sphinn.com,Female,32.0,58.0,47.0,137.0,True,Action|Animation
393,394,Evin,Bainton,ebaintonax@nhs.uk,Male,80.0,25.0,98.0,203.0,True,Action|Comedy|Fantasy
394,395,Yul,Goodbanne,ygoodbanneay@bing.com,Male,56.0,55.0,32.0,143.0,True,Comedy|Romance
395,396,Sybyl,Hedney,shedneyaz@myspace.com,Female,5.0,44.0,77.0,126.0,True,Drama|Romance
396,397,Dasie,Gaylor,dgaylorb0@twitpic.com,Female,14.0,55.0,28.0,97.0,False,Crime|Thriller
397,398,Tedi,Dummett,tdummettb1@hugedomains.com,Female,30.0,43.0,71.0,144.0,True,Drama
398,399,Cornela,Davet,cdavetb2@huffingtonpost.com,Female,76.0,13.0,53.0,142.0,True,Drama|Romance
399,400,Doralynne,Lorkin,dlorkinb3@tinyurl.com,Female,22.0,45.0,49.85743380855397,116.85743380855396,True,Adventure|Children|Comedy|Drama
400,401,Mason,Roches,mrochesb4@nytimes.com,Male,71.0,8.0,73.0,152.0,True,Comedy
401,402,Rawley,Warwicker,rwarwickerb5@va.gov,Male,84.0,11.0,6.0,101.0,False,Horror
402,403,Sidonia,Barfford,sbarffordb6@ask.com,Female,91.0,21.0,2.0,114.0,True,Comedy
403,404,Pier,Gauntlett,pgauntlettb7@icq.com,Female,77.0,28.0,22.0,127.0,True,Documentary
404,405,Corrinne,Abrahamsohn,cabrahamsohnb8@posterous.com,Female,27.0,10.0,90.0,127.0,True,Drama
405,406,Quintilla,Oxborough,qoxboroughb9@networkadvertising.org,Female,57.0,73.0,63.0,193.0,True,Documentary
406,407,Harmonia,Marrison,hmarrisonba@imgur.com,Female,91.0,73.0,14.0,178.0,True,Action|Adventure
407,408,Tanny,Nowell,tnowellbb@lulu.com,Male,40.0,60.0,54.0,154.0,True,Comedy|Drama|Romance
408,409,Elinore,Siderfin,esiderfinbc@forbes.com,Female,67.0,89.0,2.0,158.0,True,Action|Thriller
409,410,Sissie,Voisey,svoiseybd@indiegogo.com,Female,6.0,57.0,98.0,161.0,True,Action|Adventure|Fantasy|Horror
410,411,Sibeal,Maryin,smaryinbe@slideshare.net,Female,73.0,99.0,85.0,257.0,True,Comedy
411,412,Brewster,Kydd,bkyddbf@a8.net,Male,54.0,67.0,77.0,198.0,True,Drama
412,413,Cassie,Bullas,cbullasbg@harvard.edu,Female,72.0,8.0,15.0,95.0,False,Drama|Romance
413,414,Maxie,Adolphine,madolphinebh@biblegateway.com,Female,86.0,67.0,35.0,188.0,True,Drama|War
414,415,Cameron,Thomen,cthomenbi@columbia.edu,Male,55.0,76.0,82.0,213.0,True,Comedy|Drama|Romance
415,416,Arthur,Balint,abalintbj@forbes.com,Male,77.0,10.0,31.0,118.0,True,Drama
416,417,Greg,Ogdahl,gogdahlbk@unblog.fr,Male,61.0,85.0,18.0,164.0,True,Documentary
417,418,Muffin,Godsafe,mgodsafebl@java.com,Female,63.0,7.0,24.0,94.0,False,Crime|Drama|Thriller
418,419,Leupold,Folling,lfollingbm@economist.com,Male,90.0,31.0,4.0,125.0,True,Adventure|Crime|Drama
419,420,Ernesto,Charity,echaritybn@slate.com,Male,51.52040816326531,8.0,6.0,65.5204081632653,False,Documentary
420,421,Orson,Anderson,oandersonbo@hao123.com,Male,16.0,24.0,66.0,106.0,True,Action|Adventure|Drama
421,422,Kimmi,Oloshin,koloshinbp@engadget.com,Female,65.0,11.0,82.0,158.0,True,Drama
422,423,Kassie,Welden,kweldenbq@twitpic.com,Female,41.0,74.0,22.0,137.0,True,Documentary
423,424,Evyn,Knappitt,eknappittbr@exblog.jp,Male,10.0,52.0,100.0,162.0,True,Horror
424,425,Brooke,Magarrell,bmagarrellbs@imdb.com,Male,97.0,51.0,22.0,170.0,True,Drama
425,426,Idette,O'Calleran,iocalleranbt@cornell.edu,Female,38.0,14.0,88.0,140.0,True,Drama
426,427,Marven,Hrynczyk,mhrynczykbu@github.com,Male,64.0,94.0,57.0,215.0,True,Crime|Thriller
427,428,Martin,Odney,modneybv@surveymonkey.com,Male,40.0,75.0,54.0,169.0,True,Drama
428,429,Nancee,Kordes,nkordesbw@theglobeandmail.com,Female,53.0,94.0,53.0,200.0,True,Drama|Horror
429,430,Claybourne,Battisson,cbattissonbx@bbb.org,Male,72.0,38.0,9.0,119.0,True,Animation|Children
430,431,Cyndia,Giorgeschi,cgiorgeschiby@youku.com,Female,47.0,8.0,72.0,127.0,True,Drama
431,432,Romeo,Haldene,rhaldenebz@taobao.com,Male,76.0,57.0,63.0,196.0,True,Horror|Thriller
432,433,Marla,Wadworth,mwadworthc0@histats.com,Female,36.0,98.0,43.0,177.0,True,Action|Thriller
433,434,Kym,Ganley,kganleyc1@netvibes.com,Female,78.0,26.0,16.0,120.0,True,Adventure|Drama
434,435,Addi,Dracey,adraceyc2@1688.com,Female,82.0,25.0,23.0,130.0,True,Horror
435,436,Charyl,McGuffog,cmcguffogc3@amazon.com,Female,5.0,83.0,62.0,150.0,True,Action|Horror|Sci-Fi
436,437,Misti,Swain,mswainc4@prlog.org,Female,54.0,36.0,1.0,91.0,False,Action|Thriller
437,438,Christy,Mollett,cmollettc5@hugedomains.com,Female,52.0,93.0,22.0,167.0,True,Crime|Drama
438,439,Ingelbert,Lyburn,ilyburnc6@booking.com,Male,27.0,68.0,71.0,166.0,True,Action|Adventure
439,440,Dunstan,Smee,dsmeec7@baidu.com,Male,24.0,21.0,49.85743380855397,94.85743380855396,True,Adventure|Musical|Romance|Sci-Fi
440,441,Andree,Janus,ajanusc8@blogspot.com,Female,24.0,99.0,97.0,220.0,True,Action|Adventure|Fantasy|Sci-Fi
441,442,Bronny,Galilee,bgalileec9@gravatar.com,Male,5.0,39.0,60.0,104.0,False,Comedy|Drama|Romance
442,443,Marijo,Cuttle,mcuttleca@hatena.ne.jp,Female,72.0,27.0,11.0,110.0,True,Crime|Drama
443,444,Tersina,Filyashin,tfilyashincb@elpais.com,Female,69.0,60.0,92.0,221.0,True,Drama|Romance
444,445,Harrison,Balle,hballecc@narod.ru,Male,24.0,100.0,12.0,136.0,True,Drama|Romance
445,446,Rourke,Kilgour,rkilgourcd@xinhuanet.com,Male,75.0,24.0,85.0,184.0,True,Action|Comedy
446,447,Richart,Szymaniak,rszymaniakce@myspace.com,Male,81.0,50.0,58.0,189.0,True,Action|Comedy
447,448,Umeko,Kybird,ukybirdcf@icq.com,Female,79.0,94.0,18.0,191.0,True,Documentary|Musical
448,449,Janka,Appleford,japplefordcg@washingtonpost.com,Female,47.0,10.0,4.0,61.0,False,Drama
449,450,Nicolle,Chartre,nchartrech@mapy.cz,Female,37.0,61.0,54.0,152.0,True,Action|Crime|Western
450,451,Ashlee,Renwick,arenwickci@constantcontact.com,Female,19.0,59.0,3.0,81.0,False,Drama
451,452,Arne,Gouth,agouthcj@godaddy.com,Male,50.0,80.0,29.0,159.0,True,Comedy|Horror|Thriller
452,453,Ruthi,Tiffany,rtiffanyck@spotify.com,Female,19.0,76.0,6.0,101.0,False,Documentary
453,454,Madel,Dayly,mdaylycl@ca.gov,Female,77.0,6.0,28.0,111.0,True,Drama
454,455,Ives,Beekmann,ibeekmanncm@fotki.com,Male,78.0,98.0,17.0,193.0,True,Action|Drama
455,456,Meade,Blenkharn,mblenkharncn@moonfruit.com,Male,76.0,76.0,58.0,210.0,True,Fantasy|Horror|Mystery
456,457,Alleyn,Storah,astorahco@jugem.jp,Male,91.0,12.0,85.0,188.0,True,Comedy
457,458,Sherman,Notley,snotleycp@vistaprint.com,Male,10.0,43.0,52.0,105.0,True,Drama
458,459,Connie,Hovell,chovellcq@toplist.cz,Male,56.0,52.0,22.0,130.0,True,Drama
459,460,Read,Taphouse,rtaphousecr@jimdo.com,Male,51.52040816326531,90.0,50.0,191.5204081632653,True,Crime|Drama|Thriller
460,461,Waly,Kineton,wkinetoncs@cornell.edu,Female,94.0,60.0,36.0,190.0,True,Crime|Drama|Horror|Mystery
461,462,Manny,MacNelly,mmacnellyct@house.gov,Male,25.0,92.0,53.0,170.0,True,Action|Comedy|Musical
462,463,Feodor,O'Scollain,foscollaincu@oakley.com,Male,7.0,41.0,23.0,71.0,False,Comedy|Musical|Romance
463,464,Ingrid,Quilleash,iquilleashcv@google.ca,Female,2.0,51.0,29.0,82.0,False,Crime|Thriller
464,465,Ravid,Brakewell,rbrakewellcw@scribd.com,Male,61.0,25.0,9.0,95.0,False,Adventure
465,466,Gabriel,Garron,ggarroncx@tinypic.com,Female,95.0,59.0,9.0,163.0,True,Horror
466,467,Sacha,Fallowes,sfallowescy@joomla.org,Female,27.0,36.0,5.0,68.0,False,Crime
467,468,Carlyle,Rudinger,crudingercz@bing.com,Male,52.0,36.0,41.0,129.0,True,Action|Thriller
468,469,Nicola,Weddeburn - Scrimgeour,nweddeburnscrimgeourd0@nbcnews.com,Male,20.0,53.0,7.0,80.0,False,Documentary
469,470,Inge,Shefton,isheftond1@addtoany.com,Female,35.0,13.0,81.0,129.0,True,Action|Adventure|Sci-Fi|Thriller
470,471,Tabbie,Redfearn,tredfearnd2@samsung.com,Male,20.0,1.0,32.0,53.0,False,Drama
471,472,Marty,Posnett,mposnettd3@virginia.edu,Female,16.0,21.0,78.0,115.0,True,Crime|Drama|Thriller
472,473,Emanuel,Keirl,ekeirld4@amazon.co.uk,Male,48.0,55.0,66.0,169.0,True,Animation|Children|Comedy
473,474,Broderick,Blacksell,bblackselld5@sina.com.cn,Male,66.0,8.0,52.0,126.0,True,Drama|Sci-Fi
474,475,Shandeigh,Fishburn,sfishburnd6@statcounter.com,Female,69.0,15.0,18.0,102.0,False,Comedy|Sci-Fi
475,476,Mortie,Crayden,mcraydend7@bigcartel.com,Male,86.0,31.0,50.0,167.0,True,Comedy
476,477,Patti,Montrose,pmontrosed8@moonfruit.com,Female,4.0,6.0,46.0,56.0,False,Drama
477,478,Brande,Bayfield,bbayfieldd9@g.co,Female,82.0,61.0,32.0,175.0,True,Comedy|Crime
478,479,Putnam,Cesaric,pcesaricda@woothemes.com,Male,1.0,96.0,14.0,111.0,True,Drama|Horror
479,480,Caroline,Domelow,cdomelowdb@theatlantic.com,Female,51.52040816326531,92.0,96.0,239.5204081632653,False,Children|Drama|Musical
480,481,Garwood,Lawton,glawtondc@acquirethisname.com,Male,84.0,2.0,91.0,177.0,True,Horror|Mystery|Thriller
481,482,Willie,Banbrook,wbanbrookdd@seesaa.net,Male,58.0,37.0,93.0,188.0,True,Documentary
482,483,Rusty,Dyne,rdynede@multiply.com,Male,47.0,39.0,49.0,135.0,True,Crime|Drama|Romance
483,484,Mady,Christoforou,mchristoforoudf@purevolume.com,Female,24.0,32.0,46.0,102.0,False,Children|Comedy
484,485,Paco,Filson,pfilsondg@theatlantic.com,Male,80.0,3.0,83.0,166.0,True,Animation|Children|Comedy
485,486,Milo,Cogle,mcogledh@sina.com.cn,Male,57.0,56.0,60.0,173.0,True,Adventure|Children|Fantasy
486,487,Theodor,Neames,tneamesdi@weather.com,Male,81.0,98.0,75.0,254.0,True,Horror
487,488,Natty,Spurier,nspurierdj@google.com.hk,Male,26.0,83.0,18.0,127.0,True,Drama
488,489,Gradey,Cale,gcaledk@stanford.edu,Male,12.0,22.0,96.0,130.0,True,Comedy|Drama
489,490,Casar,Nickels,cnickelsdl@cisco.com,Male,16.0,75.0,10.0,101.0,False,Adventure|Drama|Thriller
490,491,Davidde,Laherty,dlahertydm@goo.gl,Male,66.0,6.0,12.0,84.0,False,Action|Comedy|Sci-Fi
491,492,Miguela,Ivanikov,mivanikovdn@skype.com,Female,66.0,62.0,37.0,165.0,True,Comedy
492,493,Christabel,Jerrans,cjerransdo@nifty.com,Female,57.0,97.0,60.0,214.0,True,Drama|Thriller
493,494,Dwayne,Huortic,dhuorticdp@oaic.gov.au,Male,95.0,39.0,89.0,223.0,True,Drama|Romance
494,495,Zared,Eliyahu,zeliyahudq@ovh.net,Male,28.0,96.0,40.0,164.0,True,Drama
495,496,Estevan,Apple,eappledr@ehow.com,Male,92.0,66.0,96.0,254.0,True,Drama
496,497,Maurise,Ball,mballds@boston.com,Male,40.0,20.0,29.0,89.0,False,Drama
497,498,Umeko,Getsham,ugetshamdt@telegraph.co.uk,Female,76.0,98.0,86.0,260.0,True,Drama|Romance
498,499,Becka,Umpleby,bumplebydu@phoca.cz,Female,24.0,47.0,18.0,89.0,False,Animation|Comedy|Sci-Fi
499,500,Nathaniel,Stollsteiner,nstollsteinerdv@myspace.com,Male,79.0,11.0,49.85743380855397,139.85743380855396,False,Documentary
500,501,Mona,Hilary,mhilarydw@deviantart.com,Female,35.0,7.0,55.0,97.0,False,Action|Drama
501,502,Bradney,Clewlowe,bclewlowedx@mtv.com,Male,3.0,73.0,57.0,133.0,True,Horror
502,503,Sydney,Verni,svernidy@marketwatch.com,Female,60.0,57.0,96.0,213.0,True,Drama|Sci-Fi|IMAX
503,504,Dierdre,Brownsill,dbrownsilldz@paypal.com,Female,24.0,62.0,33.0,119.0,True,Drama
504,505,Abran,Trent,atrente0@themeforest.net,Male,74.0,65.0,23.0,162.0,True,Comedy|Drama
505,506,Yelena,Cutsforth,ycutsforthe1@vkontakte.ru,Female,33.0,72.0,87.0,192.0,True,Thriller
506,507,Petronella,Luxton,pluxtone2@studiopress.com,Female,75.0,9.0,13.0,97.0,False,Crime|Drama
507,508,Conney,Lindermann,clindermanne3@springer.com,Male,100.0,8.0,63.0,171.0,True,Comedy
508,509,Bern,Byfield,bbyfielde4@godaddy.com,Male,24.0,11.0,50.0,85.0,False,Comedy|Crime|Mystery
509,510,Warner,Medhurst,wmedhurste5@blogtalkradio.com,Male,63.0,35.0,58.0,156.0,True,Animation
510,511,Rafferty,Arlett,rarlette6@eventbrite.com,Male,35.0,52.0,52.0,139.0,True,Mystery|Thriller
511,512,Rhodie,Honig,rhonige7@dailymotion.com,Female,57.0,14.0,57.0,128.0,True,Comedy|Romance
512,513,Antonietta,Mugglestone,amugglestonee8@patch.com,Female,13.0,95.0,14.0,122.0,True,Comedy|Drama
513,514,Miriam,Silburn,msilburne9@netscape.com,Female,50.0,86.0,35.0,171.0,True,Comedy|Romance
514,515,Dewie,Pointer,dpointerea@netvibes.com,Male,75.0,33.0,28.0,136.0,True,Comedy
515,516,Glyn,Stuck,gstuckeb@devhub.com,Male,37.0,85.0,55.0,177.0,True,Adventure|Children|Sci-Fi
516,517,Umeko,Dumblton,udumbltonec@parallels.com,Female,92.0,74.0,29.0,195.0,True,Drama
517,518,Steffen,Murton,smurtoned@oracle.com,Male,49.0,58.0,99.0,206.0,True,Drama
518,519,Terra,Whyman,twhymanee@aboutads.info,Female,89.0,89.0,71.0,249.0,True,Action|Drama|War
519,520,Carling,Riste,cristeef@vkontakte.ru,Male,74.0,70.0,49.85743380855397,193.85743380855396,False,Drama|Thriller
520,521,Bethena,Mor,bmoreg@google.co.uk,Female,78.0,57.0,49.0,184.0,True,Adventure|Drama|Romance
521,522,Stephen,Sides,ssideseh@alexa.com,Male,64.0,53.0,34.0,151.0,True,Drama
522,523,Lorry,Cabell,lcabellei@qq.com,Female,29.0,44.0,52.0,125.0,True,Drama|War
523,524,Fayth,McTavish,fmctavishej@toplist.cz,Female,33.0,12.0,89.0,134.0,True,Horror|Thriller
524,525,Carmina,Mowling,cmowlingek@hibu.com,Female,42.0,38.0,56.0,136.0,True,Drama
525,526,Anjela,Mathissen,amathissenel@xing.com,Female,50.0,28.0,84.0,162.0,True,Comedy|Drama|Musical
526,527,Emelina,Belson,ebelsonem@japanpost.jp,Female,69.0,62.0,98.0,229.0,True,Documentary
527,528,Layton,Taylerson,ltaylersonen@issuu.com,Male,19.0,68.0,17.0,104.0,False,Horror
528,529,Nickey,Hamlett,nhamletteo@abc.net.au,Male,16.0,7.0,99.0,122.0,True,Comedy
529,530,Lezlie,Ovize,lovizeep@tamu.edu,Female,63.0,64.0,72.0,199.0,True,Drama
530,531,Kelsey,Althorpe,kalthorpeeq@yahoo.com,Male,84.0,71.0,84.0,239.0,True,Drama
531,532,Frederick,Showell,fshoweller@pbs.org,Male,29.0,2.0,95.0,126.0,True,Drama
532,533,Goddart,Escofier,gescofieres@foxnews.com,Male,80.0,81.0,61.0,222.0,True,Comedy|Fantasy|Horror
533,534,Niall,Westhoff,nwesthoffet@wsj.com,Male,79.0,13.0,99.0,191.0,True,Drama
534,535,Munmro,Burlingham,mburlinghameu@ifeng.com,Male,76.0,31.0,17.0,124.0,True,Documentary
535,536,Reggis,Messenbird,rmessenbirdev@plala.or.jp,Male,43.0,34.0,23.0,100.0,False,Drama|Romance
536,537,Karl,Menault,kmenaultew@senate.gov,Male,50.0,71.0,31.0,152.0,True,Drama|Horror|Thriller
537,538,Normie,Benny,nbennyex@state.gov,Male,73.0,64.0,45.0,182.0,True,Comedy
538,539,Olia,Lupson,olupsoney@canalblog.com,Female,71.0,85.0,30.0,186.0,True,Action|Sci-Fi
539,540,Delbert,Caw,dcawez@ustream.tv,Male,52.0,50.0,49.85743380855397,151.85743380855396,False,Documentary
540,541,Ronald,Mortimer,rmortimerf0@who.int,Male,37.0,67.0,5.0,109.0,True,Comedy|Drama|Romance
541,542,Saidee,Bielfeldt,sbielfeldtf1@latimes.com,Female,61.0,19.0,95.0,175.0,True,Action|Comedy
542,543,Maryrose,Capp,mcappf2@usatoday.com,Female,18.0,64.0,11.0,93.0,False,Drama|Film-Noir|Horror|Mystery
543,544,Mariska,Kennifick,mkennifickf3@spiegel.de,Female,83.0,38.0,36.0,157.0,True,Horror|Thriller
544,545,Pasquale,Fontenot,pfontenotf4@arstechnica.com,Male,95.0,24.0,50.0,169.0,True,Sci-Fi|Thriller
545,546,Sela,Waddoups,swaddoupsf5@slideshare.net,Female,36.0,97.0,35.0,168.0,True,Drama|Romance|War
546,547,Romona,Corp,rcorpf6@earthlink.net,Female,31.0,59.0,78.0,168.0,True,Action|Comedy|Crime
547,548,Anjela,Claisse,aclaissef7@omniture.com,Female,38.0,31.0,85.0,154.0,True,Crime|Drama|Thriller
548,549,Vlad,Stolworthy,vstolworthyf8@hostgator.com,Male,100.0,8.0,46.0,154.0,True,Adventure|Children
549,550,Libbey,Skett,lskettf9@ustream.tv,Female,64.0,50.0,52.0,166.0,True,Horror
550,551,Ketti,Fellgate,kfellgatefa@washingtonpost.com,Female,33.0,19.0,4.0,56.0,False,Comedy|Fantasy|Musical|Romance
551,552,Ferd,Bessett,fbessettfb@wix.com,Male,49.0,29.0,34.0,112.0,True,Documentary
552,553,Braden,Wigfall,bwigfallfc@indiegogo.com,Male,17.0,96.0,65.0,178.0,True,Comedy|Romance
553,554,Loretta,McNea,lmcneafd@rakuten.co.jp,Female,78.0,84.0,97.0,259.0,True,Action
554,555,Corny,Pheasant,cpheasantfe@friendfeed.com,Female,92.0,22.0,39.0,153.0,True,Romance
555,556,Junie,Naper,jnaperff@example.com,Female,25.0,48.0,14.0,87.0,False,Drama|Romance
556,557,Lucine,Heditch,lheditchfg@mayoclinic.com,Female,97.0,87.0,26.0,210.0,True,Comedy|Drama
557,558,Grissel,Camings,gcamingsfh@unc.edu,Female,10.0,5.0,55.0,70.0,False,Comedy
558,559,Nerissa,Jozwik,njozwikfi@fema.gov,Female,5.0,5.0,24.0,34.0,False,Drama
559,560,Waiter,Ceresa,wceresafj@flavors.me,Male,65.0,49.76417004048583,93.0,207.76417004048582,False,Horror
560,561,Hunter,Steane,hsteanefk@sohu.com,Male,85.0,10.0,8.0,103.0,False,Drama|War
561,562,Letizia,Martinuzzi,lmartinuzzifl@princeton.edu,Female,79.0,62.0,17.0,158.0,True,Documentary
562,563,Denney,MacElroy,dmacelroyfm@163.com,Male,80.0,87.0,56.0,223.0,True,Drama|War
563,564,Ham,Crathorne,hcrathornefn@51.la,Male,82.0,32.0,66.0,180.0,True,Drama
564,565,Jacquie,Josum,jjosumfo@ning.com,Female,60.0,71.0,33.0,164.0,True,Thriller
565,566,Fanechka,Sprason,fsprasonfp@oaic.gov.au,Female,5.0,71.0,30.0,106.0,True,Drama|Mystery
566,567,Francklyn,Burkwood,fburkwoodfq@google.it,Male,99.0,87.0,62.0,248.0,True,Children|Drama|Fantasy|Musical
567,568,Zackariah,Kibby,zkibbyfr@npr.org,Male,95.0,41.0,82.0,218.0,True,Crime|Drama
568,569,Giana,Muston,gmustonfs@storify.com,Female,28.0,62.0,3.0,93.0,False,Action|Comedy
569,570,Cornie,Vela,cvelaft@harvard.edu,Female,91.0,39.0,58.0,188.0,True,Drama
570,571,Noach,Padwick,npadwickfu@state.gov,Male,43.0,4.0,34.0,81.0,False,Comedy|Drama
571,572,Lonnie,Muckley,lmuckleyfv@clickbank.net,Male,15.0,48.0,23.0,86.0,False,Drama
572,573,Lucias,Martlew,lmartlewfw@theguardian.com,Male,55.0,99.0,40.0,194.0,True,Documentary
573,574,Conn,Culley,cculleyfx@loc.gov,Male,68.0,1.0,11.0,80.0,False,Drama|Romance|Sci-Fi|Thriller
574,575,Vivyan,Jeckells,vjeckellsfy@princeton.edu,Female,38.0,13.0,88.0,139.0,True,Comedy|Crime
575,576,Bette,McKue,bmckuefz@baidu.com,Female,33.0,45.0,56.0,134.0,True,Drama
576,577,Lianne,Hadny,lhadnyg0@disqus.com,Female,17.0,69.0,87.0,173.0,True,Action|Thriller
577,578,Sheffie,Dochon,sdochong1@phpbb.com,Male,100.0,24.0,98.0,222.0,True,Sci-Fi
578,579,Felicdad,Royds,froydsg2@stumbleupon.com,Female,70.0,32.0,10.0,112.0,True,Horror|Mystery|Thriller
579,580,Ollie,Polino,opolinog3@amazon.com,Male,62.0,32.0,49.85743380855397,143.85743380855396,False,Drama
580,581,Bree,Essam,bessamg4@google.com.au,Female,16.0,70.0,24.0,110.0,True,Drama
581,582,Kevan,Hoyt,khoytg5@amazon.de,Male,37.0,86.0,43.0,166.0,True,Comedy|Fantasy
582,583,Jan,Deacon,jdeacong6@unc.edu,Female,67.0,7.0,66.0,140.0,True,Comedy|Drama|Romance
583,584,Kaleb,Duberry,kduberryg7@about.com,Male,30.0,24.0,100.0,154.0,True,Adventure|Fantasy
584,585,Gothart,Crotch,gcrotchg8@ca.gov,Male,71.0,53.0,96.0,220.0,True,Comedy|Documentary
585,586,Tarah,Deverill,tdeverillg9@nps.gov,Female,73.0,60.0,70.0,203.0,True,Drama|Romance
586,587,Bea,Benkin,bbenkinga@eepurl.com,Female,60.0,56.0,85.0,201.0,True,Crime|Drama|Film-Noir
587,588,Loraine,McFall,lmcfallgb@cpanel.net,Female,86.0,98.0,79.0,263.0,True,Crime|Drama
588,589,Cindy,Tolotti,ctolottigc@timesonline.co.uk,Female,50.0,42.0,17.0,109.0,True,Action|Crime|Drama|Romance
589,590,Emile,Carus,ecarusgd@ucoz.ru,Male,10.0,55.0,39.0,104.0,False,Drama|Musical|Romance
590,591,Ianthe,Bottelstone,ibottelstonege@bigcartel.com,Female,47.0,13.0,59.0,119.0,True,Comedy
591,592,Arel,Gorick,agorickgf@github.com,Male,7.0,90.0,25.0,122.0,True,Drama|War
592,593,Homer,Savage,hsavagegg@vistaprint.com,Male,11.0,45.0,94.0,150.0,True,Drama|War
593,594,Desmund,Ricket,dricketgh@webmd.com,Male,71.0,51.0,92.0,214.0,True,Animation|Comedy|Fantasy|Musical|Romance
594,595,Renell,Motion,rmotiongi@imdb.com,Female,38.0,36.0,91.0,165.0,True,Action|Crime|Thriller
595,596,Marsiella,Voden,mvodengj@bizjournals.com,Female,67.0,76.0,67.0,210.0,True,Horror|Thriller
596,597,Zechariah,Manilove,zmanilovegk@icio.us,Male,44.0,74.0,28.0,146.0,True,Drama|Sci-Fi|War
597,598,Griffith,Matasov,gmatasovgl@angelfire.com,Male,23.0,15.0,39.0,77.0,False,Comedy
598,599,Betta,Paulazzi,bpaulazzigm@linkedin.com,Female,98.0,40.0,15.0,153.0,True,Horror
599,600,Egor,Decker,edeckergn@ucoz.com,Male,73.0,62.0,49.85743380855397,184.85743380855396,False,Action|Adventure|Drama|Romance
600,601,Jonathon,Lockery,jlockerygo@irs.gov,Male,19.0,50.0,76.0,145.0,True,Action|Adventure|Comedy
601,602,Hilton,FitzGeorge,hfitzgeorgegp@shinystat.com,Male,21.0,82.0,59.0,162.0,True,Comedy
602,603,Wyn,Fake,wfakegq@smh.com.au,Male,46.0,33.0,87.0,166.0,True,Crime|Horror|Sci-Fi
603,604,Khalil,Carvill,kcarvillgr@so-net.ne.jp,Male,79.0,42.0,21.0,142.0,True,Drama|Romance
604,605,Cristobal,Huge,chugegs@instagram.com,Male,85.0,11.0,45.0,141.0,True,Drama
605,606,Wain,Goodredge,wgoodredgegt@sogou.com,Male,85.0,6.0,30.0,121.0,True,Drama
606,607,Barron,Milesop,bmilesopgu@businesswire.com,Male,13.0,14.0,83.0,110.0,True,Comedy|Crime
607,608,Yolanda,Rigg,yrigggv@spotify.com,Female,10.0,90.0,29.0,129.0,True,Adventure|Comedy|Fantasy
608,609,Hewie,Fishley,hfishleygw@furl.net,Male,24.0,91.0,48.0,163.0,True,Comedy|Drama
609,610,Rogerio,Gonoude,rgonoudegx@patch.com,Male,85.0,32.0,37.0,154.0,True,Documentary|War
610,611,Roman,St. Paul,rstpaulgy@phoca.cz,Male,58.0,30.0,100.0,188.0,True,Adventure|Animation|Children|Comedy|Fantasy|Romance
611,612,Hall,Bartosiak,hbartosiakgz@ucoz.ru,Male,64.0,96.0,12.0,172.0,True,Comedy|Drama
612,613,Roger,Darey,rdareyh0@desdev.cn,Male,5.0,78.0,88.0,171.0,True,Action|Crime
613,614,Nickie,Vickress,nvickressh1@simplemachines.org,Male,47.0,45.0,7.0,99.0,False,Comedy
614,615,Linus,Gallo,lgalloh2@flavors.me,Male,33.0,45.0,91.0,169.0,True,Documentary
615,616,Ruthie,Dilleston,rdillestonh3@hatena.ne.jp,Female,30.0,56.0,41.0,127.0,True,Documentary
616,617,Clem,Seden,csedenh4@google.nl,Female,23.0,78.0,31.0,132.0,True,Action|Crime|Drama
617,618,Neila,Sallan,nsallanh5@businesswire.com,Female,64.0,52.0,86.0,202.0,True,Comedy|Drama
618,619,Madel,Edmundson,medmundsonh6@usnews.com,Female,92.0,97.0,29.0,218.0,True,Comedy|Drama|Romance
619,620,Carla,Kunath,ckunathh7@cdc.gov,Female,70.0,51.0,49.85743380855397,170.85743380855396,True,Drama|War
620,621,Jeromy,O'Fallowne,jofallowneh8@mozilla.com,Male,13.0,43.0,65.0,121.0,True,Comedy|Drama|Romance
621,622,Ardys,Szymon,aszymonh9@phoca.cz,Female,18.0,19.0,47.0,84.0,False,Drama|Thriller
622,623,Griffie,Chaman,gchamanha@facebook.com,Male,39.0,20.0,60.0,119.0,True,Action|Drama
623,624,Alika,Chinnock,achinnockhb@altervista.org,Female,1.0,63.0,57.0,121.0,True,Comedy|Drama
624,625,Corella,D'Cruze,cdcruzehc@furl.net,Female,61.0,21.0,22.0,104.0,False,Comedy|Crime
625,626,Tracey,Haward,thawardhd@businesswire.com,Female,6.0,48.0,96.0,150.0,True,Comedy
626,627,Filia,Garrett,fgarretthe@purevolume.com,Female,89.0,81.0,97.0,267.0,True,Comedy
627,628,Brandtr,Gerbel,bgerbelhf@hubpages.com,Male,24.0,9.0,72.0,105.0,True,Documentary
628,629,Shalna,Triebner,striebnerhg@phpbb.com,Female,54.0,60.0,44.0,158.0,True,Adventure|Drama|War
629,630,Rogers,Cartmill,rcartmillhh@google.com.au,Male,7.0,39.0,19.0,65.0,False,Comedy
630,631,Charlot,Casement,ccasementhi@github.com,Female,18.0,88.0,77.0,183.0,True,Crime|Thriller
631,632,Berty,Pratchett,bpratchetthj@mtv.com,Male,57.0,62.0,64.0,183.0,True,Drama
632,633,Steffie,Egglestone,segglestonehk@arizona.edu,Female,65.0,20.0,56.0,141.0,True,Horror
633,634,Frans,Crinion,fcrinionhl@weibo.com,Male,44.0,54.0,9.0,107.0,True,Comedy|Crime|Mystery
634,635,Gualterio,Porteous,gporteoushm@blogger.com,Male,83.0,15.0,100.0,198.0,True,Adventure|Drama
635,636,Binni,Smeall,bsmeallhn@theguardian.com,Female,26.0,38.0,72.0,136.0,True,Documentary
636,637,Edgardo,O'Luney,eoluneyho@tumblr.com,Male,43.0,50.0,45.0,138.0,True,Action|Drama|Horror|Thriller
637,638,Anselm,Stanman,astanmanhp@epa.gov,Male,91.0,41.0,23.0,155.0,True,Comedy
638,639,Francine,Murdy,fmurdyhq@google.cn,Female,94.0,67.0,62.0,223.0,True,Comedy|Drama
639,640,Nikaniki,Allston,nallstonhr@ifeng.com,Female,12.0,11.0,49.85743380855397,72.85743380855396,True,Drama|Horror|Thriller
640,641,Bastien,Shelmardine,bshelmardinehs@prweb.com,Male,96.0,100.0,10.0,206.0,True,Documentary
641,642,Robinett,McDougle,rmcdougleht@vistaprint.com,Female,8.0,67.0,47.0,122.0,True,Comedy
642,643,Justino,Flieg,jflieghu@zdnet.com,Male,44.0,7.0,28.0,79.0,False,Comedy|Horror|Romance
643,644,Zachariah,Smail,zsmailhv@unc.edu,Male,20.0,17.0,75.0,112.0,True,Comedy|Drama|Romance
644,645,Sumner,Bargery,sbargeryhw@businessinsider.com,Male,46.0,42.0,60.0,148.0,True,Comedy|Crime|Romance
645,646,Bruno,Zielinski,bzielinskihx@technorati.com,Male,83.0,80.0,87.0,250.0,True,Drama
646,647,Franni,Klimke,fklimkehy@cloudflare.com,Female,6.0,84.0,26.0,116.0,True,Documentary
647,648,Austina,Barday,abardayhz@uiuc.edu,Female,11.0,94.0,3.0,108.0,True,Comedy
648,649,Kelbee,Glaister,kglaisteri0@aol.com,Male,73.0,56.0,40.0,169.0,True,Comedy|Horror
649,650,Marsiella,Izkovicz,mizkoviczi1@vinaora.com,Female,54.0,9.0,64.0,127.0,True,Comedy|Drama
650,651,Dorree,Eger,degeri2@woothemes.com,Female,84.0,55.0,34.0,173.0,True,Documentary
651,652,Stefan,Baccas,sbaccasi3@alibaba.com,Male,75.0,61.0,26.0,162.0,True,Action|Crime
652,653,Juanita,Patry,jpatryi4@devhub.com,Female,10.0,82.0,21.0,113.0,True,Action|Fantasy|Horror
653,654,Felic,Huett,fhuetti5@blinklist.com,Male,73.0,97.0,80.0,250.0,True,Action|Drama
654,655,Mimi,Tschierasche,mtschieraschei6@independent.co.uk,Female,81.0,33.0,11.0,125.0,True,Drama
655,656,Kev,Okeshott,kokeshotti7@weibo.com,Male,89.0,75.0,37.0,201.0,True,Drama
656,657,Iggie,Hitscher,ihitscheri8@mail.ru,Male,68.0,31.0,30.0,129.0,True,Comedy|Drama
657,658,Hetty,Izzard,hizzardi9@umich.edu,Female,56.0,8.0,42.0,106.0,True,Drama
658,659,Frazier,Grassin,fgrassinia@bing.com,Male,100.0,62.0,39.0,201.0,True,Horror
659,660,Valerie,Aronoff,varonoffib@accuweather.com,Female,51.52040816326531,67.0,44.0,162.5204081632653,True,Drama|Western
660,661,Janith,Catley,jcatleyic@newyorker.com,Female,98.0,82.0,11.0,191.0,True,Comedy|Drama
661,662,Charlotte,Gissop,cgissopid@sun.com,Female,59.0,37.0,25.0,121.0,True,Drama
662,663,Cortie,Corah,ccorahie@walmart.com,Male,35.0,62.0,69.0,166.0,True,Horror
663,664,Will,Lambregts,wlambregtsif@xing.com,Male,23.0,48.0,72.0,143.0,True,Adventure|Children
664,665,Stoddard,Slewcock,sslewcockig@wordpress.com,Female,69.0,28.0,61.0,158.0,True,Drama
665,666,Merwyn,Eaton,meatonih@sina.com.cn,Male,69.0,5.0,68.0,142.0,True,Documentary|Musical
666,667,Laina,Antrim,lantrimii@tinypic.com,Female,40.0,94.0,41.0,175.0,True,Children|Comedy
667,668,Audrie,Oddey,aoddeyij@edublogs.org,Female,67.0,58.0,3.0,128.0,True,Drama|Musical
668,669,Virgilio,McCarrell,vmccarrellik@scribd.com,Male,65.0,13.0,44.0,122.0,True,Comedy|Drama
669,670,Kelby,Boggon,kboggonil@forbes.com,Male,86.0,80.0,55.0,221.0,True,Comedy|Drama
670,671,Ami,Storm,astormim@wisc.edu,Female,10.0,89.0,75.0,174.0,True,Comedy|Drama|Romance
671,672,Kanya,Bindin,kbindinin@cpanel.net,Female,7.0,90.0,25.0,122.0,True,Comedy
672,673,Lola,Durtnal,ldurtnalio@icio.us,Female,68.0,54.0,19.0,141.0,True,Drama
673,674,Chev,Stanyon,cstanyonip@t-online.de,Male,9.0,49.0,49.0,107.0,True,Comedy
674,675,Rawley,Dufaur,rdufauriq@europa.eu,Male,14.0,3.0,28.0,45.0,False,Adventure|Animation|Children
675,676,Herbert,McRobert,hmcrobertir@europa.eu,Male,16.0,20.0,24.0,60.0,False,Documentary
676,677,Hyacinthie,Thelwll,hthelwllis@epa.gov,Female,17.0,53.0,73.0,143.0,True,Comedy
677,678,Hewie,McVaugh,hmcvaughit@fc2.com,Male,60.0,52.0,79.0,191.0,True,Crime|Drama|Thriller
678,679,Cleon,Bucklan,cbucklaniu@foxnews.com,Male,13.0,73.0,62.0,148.0,True,Drama
679,680,Hastie,Blakeden,hblakedeniv@forbes.com,Male,51.52040816326531,9.0,16.0,76.5204081632653,True,Comedy|Drama
680,681,Zonda,Boshere,zboshereiw@wikia.com,Female,92.0,43.0,25.0,160.0,True,Drama|Fantasy
681,682,Mame,Offer,mofferix@friendfeed.com,Female,44.0,85.0,90.0,219.0,True,Comedy|War
682,683,Theo,Jefferies,tjefferiesiy@tamu.edu,Female,52.0,49.0,9.0,110.0,True,Comedy
683,684,Candie,Halm,chalmiz@cyberchimps.com,Female,42.0,4.0,32.0,78.0,False,Comedy
684,685,Ossie,Fancutt,ofancuttj0@freewebs.com,Male,19.0,97.0,86.0,202.0,True,Horror|Mystery
685,686,Fabiano,Ebben,febbenj1@smh.com.au,Male,81.0,72.0,29.0,182.0,True,Comedy
686,687,Kimbra,McCloughen,kmccloughenj2@walmart.com,Female,85.0,85.0,69.0,239.0,True,Comedy|Crime|Thriller
687,688,Yanaton,Vaud,yvaudj3@ycombinator.com,Male,62.0,88.0,54.0,204.0,True,Action|Adventure|Fantasy|Romance|Sci-Fi
688,689,Ame,Chenery,acheneryj4@purevolume.com,Female,75.0,92.0,30.0,197.0,True,Documentary
689,690,Jobina,Parvin,jparvinj5@rediff.com,Female,80.0,5.0,65.0,150.0,True,Drama
690,691,Ward,Rosenhaus,wrosenhausj6@vinaora.com,Male,90.0,32.0,15.0,137.0,True,Drama
691,692,Saudra,O'Neill,soneillj7@barnesandnoble.com,Female,22.0,30.0,96.0,148.0,True,Comedy|Romance
692,693,Berni,Bolens,bbolensj8@51.la,Female,89.0,54.0,41.0,184.0,True,Drama
693,694,Dom,Soaper,dsoaperj9@webnode.com,Male,45.0,47.0,89.0,181.0,True,Crime|Mystery
694,695,Kayle,Crann,kcrannja@netvibes.com,Female,84.0,24.0,78.0,186.0,True,Documentary
695,696,Rutherford,Bartolomeo,rbartolomeojb@clickbank.net,Male,64.0,92.0,98.0,254.0,True,Action|Comedy|Crime
696,697,Ray,Finlry,rfinlryjc@nature.com,Female,65.0,9.0,54.0,128.0,True,Drama
697,698,Aristotle,Banting,abantingjd@sbwire.com,Male,43.0,9.0,47.0,99.0,False,Action|Adventure|Sci-Fi
698,699,Faun,Gillbee,fgillbeeje@fema.gov,Female,46.0,6.0,86.0,138.0,True,Comedy|Drama|Romance
699,700,Benji,Gillopp,bgilloppjf@newsvine.com,Male,51.52040816326531,46.0,29.0,126.5204081632653,False,Documentary
700,701,Gerrie,Pennycook,gpennycookjg@forbes.com,Male,43.0,69.0,81.0,193.0,True,Drama
701,702,Gasparo,Ferruzzi,gferruzzijh@washingtonpost.com,Male,66.0,73.0,76.0,215.0,True,Drama|Thriller
702,703,Parker,Conkie,pconkieji@wunderground.com,Male,88.0,6.0,47.0,141.0,True,Drama
703,704,Emanuel,Seakes,eseakesjj@exblog.jp,Male,70.0,25.0,75.0,170.0,True,Documentary
704,705,Linnell,Galletly,lgalletlyjk@nsw.gov.au,Female,17.0,66.0,95.0,178.0,True,Drama
705,706,Milt,Di Claudio,mdiclaudiojl@baidu.com,Male,38.0,16.0,79.0,133.0,True,Crime|Western
706,707,Rhoda,Leipold,rleipoldjm@weebly.com,Female,91.0,24.0,79.0,194.0,True,Action|Drama
707,708,Mill,Ridolfi,mridolfijn@tiny.cc,Male,85.0,18.0,74.0,177.0,True,Sci-Fi
708,709,Sylvan,Raddin,sraddinjo@joomla.org,Male,42.0,80.0,1.0,123.0,True,Comedy
709,710,Lenna,Collinwood,lcollinwoodjp@nasa.gov,Female,7.0,37.0,56.0,100.0,False,Drama
710,711,Christa,Brunroth,cbrunrothjq@squidoo.com,Female,51.0,77.0,65.0,193.0,True,Comedy|Crime|Drama|Thriller
711,712,Brady,Broom,bbroomjr@paginegialle.it,Male,88.0,64.0,38.0,190.0,True,Action|Adventure|Animation
712,713,Oliviero,Charles,ocharlesjs@privacy.gov.au,Male,80.0,82.0,17.0,179.0,True,Comedy|Romance
713,714,Papageno,Leverington,pleveringtonjt@newyorker.com,Male,42.0,9.0,24.0,75.0,False,Drama|Musical|Romance
714,715,Garvey,Fairlamb,gfairlambju@admin.ch,Male,60.0,30.0,31.0,121.0,True,Comedy|Crime|Drama
715,716,Jesse,Brachell,jbrachelljv@phpbb.com,Male,98.0,58.0,22.0,178.0,True,Drama
716,717,Bibbie,Girkin,bgirkinjw@umich.edu,Female,17.0,41.0,21.0,79.0,False,Documentary
717,718,Ermengarde,Blaise,eblaisejx@state.gov,Female,8.0,95.0,40.0,143.0,True,Children|Comedy|Romance
718,719,Conchita,Freeborn,cfreebornjy@devhub.com,Female,68.0,34.0,1.0,103.0,False,Film-Noir|Thriller|War
719,720,Griswold,Woolfall,gwoolfalljz@sakura.ne.jp,Male,51.52040816326531,85.0,51.0,187.5204081632653,False,Drama|War
720,721,Shane,Fiddian,sfiddiank0@gizmodo.com,Female,31.0,39.0,25.0,95.0,False,Documentary
721,722,Brynn,Kynton,bkyntonk1@tamu.edu,Female,58.0,18.0,35.0,111.0,True,Drama|Mystery|Romance
722,723,Wolf,Wyldbore,wwyldborek2@usgs.gov,Male,65.0,87.0,14.0,166.0,True,Horror|Sci-Fi
723,724,Grange,Dodsworth,gdodsworthk3@walmart.com,Male,13.0,16.0,25.0,54.0,False,Documentary
724,725,Ag,Barensky,abarenskyk4@apple.com,Female,53.0,36.0,89.0,178.0,True,Comedy
725,726,Gannie,Tesimon,gtesimonk5@php.net,Male,73.0,17.0,76.0,166.0,True,Adventure|Animation|Children|Fantasy|Musical
726,727,Rana,Pinnock,rpinnockk6@narod.ru,Female,65.0,33.0,5.0,103.0,False,Drama
727,728,Evelina,Chelsom,echelsomk7@woothemes.com,Female,84.0,59.0,83.0,226.0,True,Drama|Thriller
728,729,Jacqui,Brocket,jbrocketk8@netlog.com,Female,29.0,92.0,39.0,160.0,True,Adventure|Children|Drama
729,730,Winnah,McDermott,wmcdermottk9@artisteer.com,Female,56.0,87.0,4.0,147.0,True,Comedy
730,731,Willi,Jekyll,wjekyllka@latimes.com,Female,87.0,98.0,70.0,255.0,True,Comedy
731,732,Julissa,Latham,jlathamkb@cargocollective.com,Female,47.0,49.0,35.0,131.0,True,Adventure|Animation|Drama|Romance|War
732,733,Dorolice,Hartwell,dhartwellkc@360.cn,Female,94.0,89.0,95.0,278.0,True,Drama
733,734,Pippy,Tugwell,ptugwellkd@opensource.org,Female,18.0,58.0,37.0,113.0,True,Adventure|Children|Drama
734,735,Sandy,Trembath,strembathke@home.pl,Male,31.0,95.0,32.0,158.0,True,Adventure|Animation|Comedy
735,736,Orelee,McQuirter,omcquirterkf@hexun.com,Female,78.0,54.0,15.0,147.0,True,Drama|Horror|Sci-Fi
736,737,Joya,Rosbottom,jrosbottomkg@indiegogo.com,Female,30.0,79.0,36.0,145.0,True,Comedy|Drama
737,738,Emlynn,Thouless,ethoulesskh@comsenz.com,Female,42.0,39.0,1.0,82.0,False,Comedy|Musical
738,739,Karoly,Mendez,kmendezki@buzzfeed.com,Male,37.0,35.0,8.0,80.0,False,Comedy
739,740,Barris,Rookwell,brookwellkj@jalbum.net,Male,83.0,7.0,49.85743380855397,139.85743380855396,False,Drama
740,741,Alisha,De la Harpe,adelaharpekk@wordpress.org,Female,61.0,74.0,73.0,208.0,True,Drama|Horror
741,742,Myra,Crewe,mcrewekl@miibeian.gov.cn,Female,4.0,37.0,15.0,56.0,False,Adventure
742,743,Tomasine,Playden,tplaydenkm@si.edu,Female,42.0,44.0,51.0,137.0,True,Action|Comedy|Crime|Thriller
743,744,Giraud,Nerney,gnerneykn@army.mil,Male,15.0,84.0,74.0,173.0,True,Drama
744,745,Pet,Fantham,pfanthamko@prnewswire.com,Female,98.0,57.0,76.0,231.0,True,Comedy|Drama
745,746,Flint,Kardos,fkardoskp@pinterest.com,Male,28.0,80.0,70.0,178.0,True,Documentary
746,747,Chet,Cragoe,ccragoekq@virginia.edu,Male,11.0,78.0,47.0,136.0,True,Drama
747,748,Laney,Dunnion,ldunnionkr@economist.com,Female,9.0,17.0,51.0,77.0,False,Drama|Western
748,749,Baird,Rockcliffe,brockcliffeks@princeton.edu,Male,52.0,86.0,63.0,201.0,True,Drama
749,750,Loria,Kennett,lkennettkt@vinaora.com,Female,28.0,49.0,89.0,166.0,True,Drama
750,751,Chaddy,Leah,cleahku@networksolutions.com,Male,32.0,98.0,44.0,174.0,True,Drama
751,752,Domenico,Hamsson,dhamssonkv@linkedin.com,Male,43.0,50.0,41.0,134.0,True,Drama|Romance
752,753,Janey,Jansa,jjansakw@drupal.org,Female,87.0,71.0,34.0,192.0,True,Drama|Thriller
753,754,Margaretta,Glass,mglasskx@cam.ac.uk,Female,65.0,54.0,58.0,177.0,True,Drama
754,755,Benn,Lippo,blippoky@gmpg.org,Male,75.0,22.0,69.0,166.0,True,Comedy
755,756,Mercie,Haylor,mhaylorkz@so-net.ne.jp,Female,8.0,13.0,59.0,80.0,False,Adventure|Drama
756,757,Fredia,Danshin,fdanshinl0@bluehost.com,Female,56.0,92.0,53.0,201.0,True,Western
757,758,Devonna,Mousdall,dmousdalll1@so-net.ne.jp,Female,77.0,9.0,73.0,159.0,True,Comedy
758,759,Thain,Portman,tportmanl2@lulu.com,Male,93.0,26.0,42.0,161.0,True,Action|Comedy|Horror
759,760,Kort,Penkman,kpenkmanl3@illinois.edu,Male,51.52040816326531,44.0,34.0,129.5204081632653,True,Comedy
760,761,Walton,Fifoot,wfifootl4@salon.com,Male,21.0,94.0,1.0,116.0,True,Comedy|Drama
761,762,Daria,Belasco,dbelascol5@npr.org,Female,55.0,98.0,74.0,227.0,True,Mystery
762,763,Cathryn,Lenglet,clengletl6@parallels.com,Female,20.0,39.0,56.0,115.0,True,Horror|Mystery
763,764,Michel,Arnaldi,marnaldil7@usnews.com,Male,52.0,80.0,4.0,136.0,True,Documentary
764,765,Val,Cosser,vcosserl8@sogou.com,Female,21.0,26.0,68.0,115.0,True,Drama|Romance
765,766,Courtney,Closs,cclossl9@ameblo.jp,Female,46.0,12.0,26.0,84.0,False,Drama
766,767,Forrester,Aldwick,faldwickla@mysql.com,Male,18.0,3.0,32.0,53.0,False,Drama
767,768,Stevie,Klemencic,sklemenciclb@cafepress.com,Male,97.0,83.0,2.0,182.0,True,Comedy|Romance
768,769,Galvan,Martinek,gmartineklc@nature.com,Male,40.0,55.0,18.0,113.0,True,Comedy|Sci-Fi
769,770,Mohandas,Siley,msileyld@zimbio.com,Male,17.0,43.0,26.0,86.0,False,Action|Adventure|Fantasy|Sci-Fi
770,771,Reynard,Cockrill,rcockrillle@google.com.hk,Male,50.0,60.0,43.0,153.0,True,Action|Thriller
771,772,Ilsa,Van de Velde,ivandeveldelf@ft.com,Female,98.0,14.0,24.0,136.0,True,Drama
772,773,Lonnard,Farrey,lfarreylg@tinyurl.com,Male,5.0,26.0,52.0,83.0,False,Drama|Romance
773,774,Cassie,Tremble,ctremblelh@domainmarket.com,Male,70.0,87.0,12.0,169.0,True,Drama
774,775,Gayler,Arents,garentsli@wiley.com,Male,42.0,66.0,27.0,135.0,True,Drama
775,776,Kevan,Hackly,khacklylj@phoca.cz,Male,70.0,1.0,63.0,134.0,True,Drama
776,777,Anstice,Callar,acallarlk@yolasite.com,Female,74.0,19.0,97.0,190.0,True,Comedy|Crime
777,778,Ross,McGray,rmcgrayll@bloomberg.com,Male,36.0,15.0,99.0,150.0,True,Comedy|Western
778,779,Fran,Birdall,fbirdalllm@cbsnews.com,Male,23.0,70.0,13.0,106.0,True,Comedy
779,780,Elston,O'Corrigane,eocorriganeln@samsung.com,Male,80.0,49.76417004048583,44.0,173.76417004048582,True,Drama
780,781,Bax,Kordas,bkordaslo@google.cn,Male,15.0,21.0,14.0,50.0,False,Comedy
781,782,Jehu,McBay,jmcbaylp@opensource.org,Male,55.0,36.0,30.0,121.0,True,Action|Adventure|Sci-Fi
782,783,Petra,Sothcott,psothcottlq@webeden.co.uk,Female,48.0,38.0,88.0,174.0,True,Drama|Romance
783,784,Rhea,Esson,ressonlr@home.pl,Female,93.0,8.0,13.0,114.0,True,Crime|Drama|Mystery
784,785,Keelia,Svanini,ksvaninils@chron.com,Female,28.0,83.0,15.0,126.0,True,Adventure|Drama
785,786,Desi,Garley,dgarleylt@chicagotribune.com,Male,75.0,3.0,58.0,136.0,True,Drama|Musical|Romance
786,787,Brander,Matas,bmataslu@yahoo.com,Male,93.0,33.0,82.0,208.0,True,Drama
787,788,Vladamir,Whittick,vwhitticklv@jiathis.com,Male,83.0,9.0,27.0,119.0,True,Drama|Romance
788,789,Brendon,Anton,bantonlw@scribd.com,Male,17.0,96.0,3.0,116.0,True,Action|Adventure
789,790,Laurens,Arnopp,larnopplx@google.com.hk,Male,32.0,57.0,50.0,139.0,True,Drama
790,791,Remington,McNay,rmcnayly@instagram.com,Male,32.0,27.0,45.0,104.0,False,Drama|Mystery|Thriller
791,792,Delly,Hearle,dhearlelz@elegantthemes.com,Female,76.0,86.0,34.0,196.0,True,Documentary
792,793,Monique,Leet,mleetm0@utexas.edu,Female,56.0,26.0,30.0,112.0,True,Western
793,794,Sandie,Olufsen,solufsenm1@businessweek.com,Female,31.0,5.0,87.0,123.0,True,Animation
794,795,Tova,Houchen,thouchenm2@europa.eu,Female,64.0,93.0,55.0,212.0,True,Adventure|Romance
795,796,Alvan,Morcomb,amorcombm3@vimeo.com,Male,72.0,64.0,91.0,227.0,True,Drama
796,797,Allie,Ginger,agingerm4@ucla.edu,Male,100.0,76.0,12.0,188.0,True,Drama
797,798,Tonnie,Sheirlaw,tsheirlawm5@behance.net,Male,63.0,82.0,72.0,217.0,True,Drama
798,799,Anderea,Trounce,atrouncem6@wix.com,Female,30.0,87.0,45.0,162.0,True,Comedy|Western
799,800,Carol-jean,Gunning,cgunningm7@mozilla.org,Female,89.0,49.76417004048583,89.0,227.76417004048582,False,Comedy|Western
800,801,Ashbey,Cham,achamm8@state.tx.us,Male,94.0,31.0,35.0,160.0,True,Action|Crime|Drama|Film-Noir|Thriller
801,802,Artemas,Runacres,arunacresm9@tinypic.com,Male,99.0,42.0,67.0,208.0,True,Comedy|Drama
802,803,Verene,Drysdale,vdrysdalema@quantcast.com,Female,10.0,68.0,9.0,87.0,False,Drama
803,804,Wesley,Portis,wportismb@huffingtonpost.com,Male,40.0,43.0,65.0,148.0,True,Comedy|Drama|War
804,805,Bond,Roxburch,broxburchmc@deviantart.com,Male,13.0,58.0,26.0,97.0,False,Drama|Romance
805,806,Consuela,Nansom,cnansommd@europa.eu,Female,49.0,13.0,42.0,104.0,False,Comedy|Drama
806,807,Jyoti,Jewkes,jjewkesme@nationalgeographic.com,Female,93.0,36.0,95.0,224.0,True,Children|Comedy
807,808,Francisco,Diviney,fdivineymf@1688.com,Male,85.0,29.0,18.0,132.0,True,Comedy|Drama|Fantasy|Mystery|Sci-Fi|Thriller
808,809,Georgina,Bramford,gbramfordmg@prweb.com,Female,98.0,13.0,55.0,166.0,True,Comedy|Drama
809,810,Leonerd,Sarver,lsarvermh@weather.com,Male,96.0,16.0,82.0,194.0,True,Action|Drama
810,811,Sherri,Attlee,sattleemi@yolasite.com,Female,27.0,40.0,15.0,82.0,False,Documentary
811,812,Currey,Craigmyle,ccraigmylemj@washington.edu,Male,29.0,10.0,25.0,64.0,False,Drama
812,813,Rivalee,Wollaston,rwollastonmk@blogspot.com,Female,38.0,85.0,97.0,220.0,True,Drama|War
813,814,Herc,Shillum,hshillumml@indiegogo.com,Male,47.0,34.0,76.0,157.0,True,Action|Drama|War
814,815,Haven,Sargerson,hsargersonmm@springer.com,Male,57.0,33.0,77.0,167.0,True,Comedy|Drama
815,816,Jack,Elwin,jelwinmn@wunderground.com,Male,45.0,93.0,98.0,236.0,True,Drama
816,817,Ludovika,Lethbridge,llethbridgemo@purevolume.com,Female,3.0,70.0,11.0,84.0,False,Drama
817,818,Leyla,Chamney,lchamneymp@illinois.edu,Female,19.0,72.0,19.0,110.0,True,Adventure|Comedy
818,819,Doll,Alan,dalanmq@storify.com,Female,78.0,78.0,33.0,189.0,True,Comedy
819,820,Enrique,Ellar,eellarmr@virginia.edu,Male,58.0,49.76417004048583,39.0,146.76417004048582,False,Adventure|Comedy|Drama
820,821,Bamby,Le Barr,blebarrms@nasa.gov,Female,99.0,45.0,19.0,163.0,True,Drama|Mystery
821,822,Edy,Mixworthy,emixworthymt@smugmug.com,Female,69.0,37.0,80.0,186.0,True,Adventure|Animation|Comedy
822,823,Hardy,Esplin,hesplinmu@ox.ac.uk,Male,3.0,63.0,14.0,80.0,False,Documentary
823,824,Gerianna,Tomaszek,gtomaszekmv@usgs.gov,Female,9.0,1.0,10.0,20.0,False,Documentary
824,825,Read,Itzkin,ritzkinmw@artisteer.com,Male,13.0,78.0,47.0,138.0,True,Documentary
825,826,Beltran,Schaffel,bschaffelmx@amazonaws.com,Male,96.0,4.0,79.0,179.0,True,Action|Comedy
826,827,Eberto,MacAvaddy,emacavaddymy@pbs.org,Male,59.0,27.0,81.0,167.0,True,Documentary
827,828,Jessamyn,Cruickshank,jcruickshankmz@youtube.com,Female,100.0,38.0,80.0,218.0,True,Action|Drama|Thriller
828,829,Sadella,Kolyagin,skolyaginn0@mysql.com,Female,42.0,87.0,37.0,166.0,True,Comedy
829,830,Cori,Callingham,ccallinghamn1@time.com,Male,76.0,38.0,93.0,207.0,True,Adventure|Comedy|Drama
830,831,Ripley,Osmon,rosmonn2@loc.gov,Male,9.0,8.0,65.0,82.0,False,Drama
831,832,Dorice,Migheli,dmighelin3@gov.uk,Female,57.0,23.0,26.0,106.0,True,Drama
832,833,Mycah,Paull,mpaulln4@google.nl,Male,96.0,48.0,77.0,221.0,True,Comedy|Fantasy
833,834,Irma,Shulver,ishulvern5@google.es,Female,67.0,54.0,79.0,200.0,True,Drama|Horror|Sci-Fi
834,835,Brear,Hayland,bhaylandn6@wisc.edu,Female,59.0,10.0,63.0,132.0,True,Action|Drama
835,836,Ibrahim,Kyd,ikydn7@adobe.com,Male,11.0,32.0,12.0,55.0,False,Comedy
836,837,Gerry,Dymock,gdymockn8@mac.com,Male,70.0,41.0,45.0,156.0,True,Action|Comedy|Crime|Thriller
837,838,Sofia,Pocock,spocockn9@de.vu,Female,97.0,89.0,53.0,239.0,True,Comedy|Drama|Musical|Romance
838,839,Oby,Smowton,osmowtonna@sina.com.cn,Male,74.0,90.0,41.0,205.0,True,Comedy|Drama
839,840,Charleen,Sturridge,csturridgenb@blog.com,Female,51.52040816326531,42.0,25.0,118.5204081632653,True,Action|Drama|Thriller
840,841,Brinn,Cohalan,bcohalannc@shutterfly.com,Female,37.0,81.0,76.0,194.0,True,Crime|Thriller
841,842,Basilius,Uff,buffnd@hostgator.com,Male,4.0,70.0,48.0,122.0,True,Mystery|Thriller
842,843,Blondelle,Sprigging,bspriggingne@accuweather.com,Female,38.0,79.0,56.0,173.0,True,Documentary
843,844,Deny,Liddle,dliddlenf@godaddy.com,Female,91.0,86.0,26.0,203.0,True,Animation
844,845,Gareth,Grigsby,ggrigsbyng@wiley.com,Male,50.0,80.0,46.0,176.0,True,Romance|Thriller
845,846,Van,Whal,vwhalnh@guardian.co.uk,Female,65.0,62.0,24.0,151.0,True,Action|Thriller
846,847,Bryant,Bernardotti,bbernardottini@wordpress.com,Male,52.0,52.0,3.0,107.0,True,Children|Comedy|Drama
847,848,Candis,Barz,cbarznj@paypal.com,Female,46.0,80.0,33.0,159.0,True,Drama|Mystery|Sci-Fi|Thriller
848,849,Deeann,Forsbey,dforsbeynk@mapy.cz,Female,84.0,24.0,63.0,171.0,True,Drama
849,850,Vasily,Cheese,vcheesenl@squidoo.com,Male,20.0,3.0,80.0,103.0,False,Documentary
850,851,Olav,Belchambers,obelchambersnm@google.pl,Male,99.0,100.0,95.0,294.0,True,Comedy|Romance
851,852,Keir,Beton,kbetonnn@cornell.edu,Male,80.0,36.0,79.0,195.0,True,Musical
852,853,Giulietta,O'Mohun,gomohunno@1und1.de,Female,20.0,63.0,94.0,177.0,True,Horror|IMAX
853,854,Elna,Casoni,ecasoninp@google.es,Female,31.0,40.0,42.0,113.0,True,Thriller
854,855,Merrie,Buckmaster,mbuckmasternq@angelfire.com,Female,10.0,49.0,56.0,115.0,True,Adventure|Comedy|Fantasy|Horror
855,856,Sergent,Sandbach,ssandbachnr@mapy.cz,Male,15.0,8.0,47.0,70.0,False,Adventure|Comedy|Fantasy|Horror
856,857,Erwin,Hedden,eheddenns@tinypic.com,Male,8.0,17.0,24.0,49.0,False,Comedy
857,858,Robinette,Soan,rsoannt@apple.com,Female,45.0,33.0,50.0,128.0,True,Horror|Thriller
858,859,Kristos,Barnwill,kbarnwillnu@constantcontact.com,Male,25.0,17.0,39.0,81.0,False,Drama|Romance
859,860,Jaimie,Comsty,jcomstynv@webeden.co.uk,Male,51.52040816326531,85.0,42.0,178.5204081632653,True,Comedy|Drama|Fantasy|Romance
860,861,Obadias,Howorth,ohoworthnw@nydailynews.com,Male,17.0,79.0,20.0,116.0,True,Drama|Romance
861,862,Marlyn,Scales,mscalesnx@oracle.com,Female,51.0,97.0,22.0,170.0,True,Action|Adventure
862,863,Karrah,Grenville,kgrenvilleny@over-blog.com,Female,71.0,58.0,18.0,147.0,True,Comedy
863,864,Charlot,Sillis,csillisnz@51.la,Female,78.0,95.0,31.0,204.0,True,Comedy|Drama|Romance
864,865,Hubie,Punch,hpuncho0@deviantart.com,Male,92.0,75.0,33.0,200.0,True,Comedy|Musical|Romance
865,866,Melicent,Eveleigh,meveleigho1@stumbleupon.com,Female,83.0,43.0,70.0,196.0,True,Documentary
866,867,Jervis,Klossek,jklosseko2@marriott.com,Male,82.0,21.0,33.0,136.0,True,Drama
867,868,Miof mela,Dunnico,mdunnicoo3@parallels.com,Female,86.0,53.0,16.0,155.0,True,Comedy|Drama|Romance
868,869,Hastings,Wines,hwineso4@deviantart.com,Male,1.0,80.0,27.0,108.0,True,Horror
869,870,Curt,Cowell,ccowello5@whitehouse.gov,Male,19.0,41.0,17.0,77.0,False,Drama|Romance
870,871,Hoebart,Choffin,hchoffino6@nih.gov,Male,97.0,100.0,12.0,209.0,True,Comedy
871,872,Donall,Jurn,djurno7@unicef.org,Male,76.0,83.0,14.0,173.0,True,Adventure|Comedy
872,873,Alana,Kytter,akyttero8@histats.com,Female,21.0,77.0,23.0,121.0,True,Comedy
873,874,Damaris,Ash,dasho9@businessinsider.com,Female,65.0,2.0,47.0,114.0,True,Documentary|War
874,875,Nilson,Dimitresco,ndimitrescooa@wikipedia.org,Male,89.0,85.0,23.0,197.0,True,Comedy|Horror
875,876,Cornelius,Kitney,ckitneyob@geocities.com,Male,14.0,86.0,22.0,122.0,True,Crime|Drama
876,877,Mufinella,Coddrington,mcoddringtonoc@google.ru,Female,85.0,17.0,23.0,125.0,True,Comedy|Drama
877,878,Maisie,Topp,mtoppod@tinypic.com,Female,12.0,20.0,30.0,62.0,False,Horror
878,879,Bebe,Behr,bbehroe@apache.org,Female,30.0,96.0,10.0,136.0,True,Musical
879,880,Allayne,Zarb,azarbof@dell.com,Male,51.52040816326531,23.0,81.0,155.5204081632653,True,Documentary|War
880,881,Gran,Mallalieu,gmallalieuog@digg.com,Male,22.0,7.0,91.0,120.0,True,Sci-Fi
881,882,Vita,Lancetter,vlancetteroh@globo.com,Female,5.0,83.0,3.0,91.0,False,Drama|Thriller
882,883,Lay,Chidwick,lchidwickoi@taobao.com,Male,81.0,57.0,6.0,144.0,True,Drama
883,884,Fanni,Savege,fsavegeoj@java.com,Female,50.0,60.0,63.0,173.0,True,Drama|Romance
884,885,Mariana,Lohoar,mlohoarok@spotify.com,Female,83.0,8.0,69.0,160.0,True,Documentary
885,886,Keane,Shalders,kshaldersol@mediafire.com,Male,35.0,67.0,60.0,162.0,True,Thriller|War
886,887,Antonius,Absalom,aabsalomom@businessinsider.com,Male,37.0,8.0,89.0,134.0,True,Comedy|Crime
887,888,Chelsea,Bratchell,cbratchellon@twitter.com,Female,59.0,51.0,18.0,128.0,True,Action|Comedy|Drama|Horror|Romance
888,889,Rad,Yorston,ryorstonoo@baidu.com,Male,55.0,6.0,91.0,152.0,True,Drama
889,890,Lek,Quinnet,lquinnetop@mit.edu,Male,79.0,32.0,32.0,143.0,True,Animation|Children|Comedy
890,891,Chen,Tidbury,ctidburyoq@biblegateway.com,Male,35.0,31.0,42.0,108.0,True,Comedy
891,892,Penn,Sowrey,psowreyor@etsy.com,Male,97.0,61.0,74.0,232.0,True,Children|Comedy
892,893,Jeni,Andrysek,jandrysekos@oaic.gov.au,Female,1.0,78.0,63.0,142.0,True,Adventure|Western
893,894,Oralle,Hauger,ohaugerot@army.mil,Female,52.0,90.0,72.0,214.0,True,Comedy
894,895,Teriann,Armor,tarmorou@shutterfly.com,Female,97.0,66.0,54.0,217.0,True,Action|Romance|Sci-Fi|Thriller
895,896,Fenelia,Doorbar,fdoorbarov@nature.com,Female,39.0,45.0,56.0,140.0,True,Drama|War
896,897,Filia,Pyson,fpysonow@java.com,Female,29.0,9.0,50.0,88.0,False,Comedy|Horror
897,898,Claudia,Fortesquieu,cfortesquieuox@netlog.com,Female,63.0,58.0,94.0,215.0,True,Drama|Romance
898,899,Elga,Tysack,etysackoy@shutterfly.com,Female,47.0,37.0,90.0,174.0,True,Drama
899,900,Derril,Lobbe,dlobbeoz@nbcnews.com,Male,51.52040816326531,54.0,25.0,130.5204081632653,False,Comedy|Horror|Sci-Fi
900,901,Jacobo,Swaile,jswailep0@dropbox.com,Male,47.0,69.0,65.0,181.0,True,Horror|Sci-Fi
901,902,Gigi,Hatfull,ghatfullp1@boston.com,Female,5.0,65.0,3.0,73.0,False,Comedy|Romance
902,903,Cory,Hamper,champerp2@xinhuanet.com,Male,45.0,99.0,65.0,209.0,True,Drama
903,904,Giovanna,Duncklee,gdunckleep3@webmd.com,Female,76.0,48.0,51.0,175.0,True,Comedy|Drama|Musical
904,905,Hobey,Lowery,hloweryp4@smh.com.au,Male,30.0,1.0,56.0,87.0,False,Documentary
905,906,Linnie,De Vuyst,ldevuystp5@a8.net,Female,31.0,13.0,72.0,116.0,True,(no genres listed)
906,907,Roma,Aymerich,raymerichp6@symantec.com,Male,58.0,2.0,96.0,156.0,True,Crime|Drama
907,908,Cazzie,Lydall,clydallp7@mayoclinic.com,Male,9.0,39.0,12.0,60.0,False,Comedy
908,909,Florette,Grabham,fgrabhamp8@ibm.com,Female,96.0,25.0,57.0,178.0,True,Action|Adventure|Animation|Comedy|Sci-Fi
909,910,Angelina,Playhill,aplayhillp9@mac.com,Female,63.0,38.0,2.0,103.0,False,Crime|Drama|Mystery
910,911,Base,Klimczak,bklimczakpa@rambler.ru,Male,57.0,7.0,49.0,113.0,True,Action|Mystery|Thriller
911,912,Clovis,Lampl,clamplpb@wikia.com,Female,48.0,2.0,19.0,69.0,False,Crime|Drama
912,913,Orella,Inkles,oinklespc@blogger.com,Female,49.0,83.0,32.0,164.0,True,Comedy|Sci-Fi
913,914,Langsdon,Mammatt,lmammattpd@mapquest.com,Male,49.0,29.0,87.0,165.0,True,Drama
914,915,Averill,Thairs,athairspe@shinystat.com,Male,57.0,60.0,34.0,151.0,True,Comedy|Crime|Drama|Romance
915,916,Huberto,Vinten,hvintenpf@nps.gov,Male,9.0,2.0,52.0,63.0,False,Comedy
916,917,Elonore,Wheal,ewhealpg@bizjournals.com,Female,63.0,71.0,32.0,166.0,True,Action|Comedy
917,918,Lowe,Hassent,lhassentph@examiner.com,Male,22.0,20.0,65.0,107.0,True,Drama
918,919,Mignonne,Tailby,mtailbypi@reference.com,Female,65.0,15.0,46.0,126.0,True,Documentary
919,920,Zelda,Karlolczak,zkarlolczakpj@weebly.com,Female,52.0,30.0,49.85743380855397,131.85743380855396,True,Comedy|Drama
920,921,Muire,Klossmann,mklossmannpk@webmd.com,Female,63.0,43.0,55.0,161.0,True,Drama|Mystery|Thriller
921,922,Finlay,Bambridge,fbambridgepl@gizmodo.com,Male,59.0,77.0,55.0,191.0,True,Romance
922,923,Roxi,Banham,rbanhampm@myspace.com,Female,85.0,96.0,61.0,242.0,True,Drama
923,924,Marielle,Eykelbosch,meykelboschpn@google.it,Female,19.0,84.0,25.0,128.0,True,Comedy|Romance
924,925,Silvan,Risman,srismanpo@biblegateway.com,Male,47.0,80.0,42.0,169.0,True,Comedy|Romance
925,926,Leon,Toulamain,ltoulamainpp@myspace.com,Male,25.0,89.0,82.0,196.0,True,Comedy|Romance
926,927,Brandea,Cattermole,bcattermolepq@engadget.com,Female,44.0,31.0,4.0,79.0,False,Drama
927,928,Emily,Oxtarby,eoxtarbypr@psu.edu,Female,58.0,45.0,93.0,196.0,True,Comedy|Drama|Musical
928,929,Bil,Ortler,bortlerps@over-blog.com,Male,66.0,40.0,69.0,175.0,True,Drama
929,930,Nonah,Toseland,ntoselandpt@rediff.com,Female,33.0,45.0,91.0,169.0,True,Horror|Mystery
930,931,Miguel,Cowell,mcowellpu@yellowbook.com,Male,75.0,44.0,91.0,210.0,True,Documentary
931,932,Sigismund,O'Geneay,sogeneaypv@pbs.org,Male,52.0,36.0,82.0,170.0,True,Drama|Romance
932,933,Farley,Divers,fdiverspw@eepurl.com,Male,3.0,87.0,21.0,111.0,True,Comedy|Drama|Musical|Romance|War
933,934,Karole,McBayne,kmcbaynepx@unicef.org,Female,8.0,52.0,3.0,63.0,False,Drama
934,935,Benedict,Taylor,btaylorpy@creativecommons.org,Male,5.0,75.0,98.0,178.0,True,Drama|War
935,936,Townie,Hummerston,thummerstonpz@amazon.com,Male,81.0,92.0,78.0,251.0,True,Drama|Thriller|War
936,937,Flint,Ambage,fambageq0@newyorker.com,Male,20.0,33.0,29.0,82.0,False,Children|Comedy|Romance
937,938,Deeyn,Dewhurst,ddewhurstq1@columbia.edu,Female,71.0,70.0,92.0,233.0,True,Documentary
938,939,Enid,Deniscke,edenisckeq2@google.nl,Female,37.0,58.0,91.0,186.0,True,Drama
939,940,Culver,Held,cheldq3@earthlink.net,Male,51.52040816326531,27.0,73.0,151.5204081632653,False,Comedy|Drama
940,941,Mabelle,Charity,mcharityq4@indiegogo.com,Female,13.0,34.0,31.0,78.0,False,Action|Adventure|Drama|Thriller
941,942,Priscilla,Pilch,ppilchq5@vistaprint.com,Female,99.0,58.0,97.0,254.0,True,Drama
942,943,Sylvan,Paulack,spaulackq6@spotify.com,Male,64.0,45.0,25.0,134.0,True,Action|Crime|Romance|Thriller
943,944,Gideon,Fanton,gfantonq7@diigo.com,Male,38.0,66.0,87.0,191.0,True,Drama
944,945,Vincenz,Thistleton,vthistletonq8@bloomberg.com,Male,59.0,51.0,81.0,191.0,True,Children|Fantasy|Sci-Fi
945,946,Giulia,Wagg,gwaggq9@github.io,Female,98.0,19.0,15.0,132.0,True,Drama
946,947,Edie,Galton,egaltonqa@mit.edu,Female,4.0,15.0,8.0,27.0,False,Action|Crime|Drama|Thriller
947,948,Malcolm,Mardee,mmardeeqb@bbb.org,Male,11.0,3.0,97.0,111.0,True,Documentary
948,949,Towney,Wayvill,twayvillqc@drupal.org,Male,73.0,90.0,70.0,233.0,True,Comedy|Drama
949,950,Olenka,Cuffin,ocuffinqd@360.cn,Female,58.0,10.0,77.0,145.0,True,Comedy|Romance
950,951,Reeta,Gergus,rgergusqe@sciencedaily.com,Female,30.0,58.0,6.0,94.0,False,Comedy
951,952,Milicent,Dyball,mdyballqf@cloudflare.com,Female,31.0,36.0,69.0,136.0,True,Action|Comedy
952,953,Asher,Cyson,acysonqg@istockphoto.com,Male,66.0,13.0,78.0,157.0,True,Drama
953,954,Karie,Showell,kshowellqh@seesaa.net,Female,92.0,6.0,27.0,125.0,True,Adventure|Animation|Children|Musical
954,955,Andras,Laverty,alavertyqi@weather.com,Male,63.0,35.0,100.0,198.0,True,Action|Drama|Mystery|Thriller
955,956,Tore,Nesbit,tnesbitqj@wp.com,Male,48.0,5.0,13.0,66.0,False,Drama|Romance
956,957,Jayme,Nevison,jnevisonqk@tripod.com,Male,27.0,35.0,42.0,104.0,False,Comedy|Drama|Musical|Romance
957,958,Joni,Waterstone,jwaterstoneql@ocn.ne.jp,Female,94.0,21.0,81.0,196.0,True,Comedy|Drama
958,959,Kendall,Waliszewski,kwaliszewskiqm@cdc.gov,Male,86.0,3.0,14.0,103.0,False,Drama|Mystery|Romance
959,960,Lem,Korting,lkortingqn@cmu.edu,Male,42.0,49.76417004048583,24.0,115.76417004048582,True,Comedy|Drama
960,961,Gherardo,Plail,gplailqo@eepurl.com,Male,1.0,70.0,58.0,129.0,True,Crime|Mystery|Romance|Thriller
961,962,Dar,Heinish,dheinishqp@apple.com,Male,71.0,90.0,61.0,222.0,True,Drama|War
962,963,Sophia,Brixey,sbrixeyqq@msu.edu,Female,88.0,39.0,83.0,210.0,True,Documentary
963,964,Esmeralda,Button,ebuttonqr@uol.com.br,Female,71.0,41.0,82.0,194.0,True,Comedy
964,965,Baxter,Wimbury,bwimburyqs@unesco.org,Male,14.0,47.0,54.0,115.0,True,Horror|Thriller
965,966,Jennine,Dayce,jdayceqt@myspace.com,Female,2.0,36.0,62.0,100.0,False,Comedy
966,967,Hastings,Lander,hlanderqu@storify.com,Male,11.0,3.0,51.0,65.0,False,Drama
967,968,Izabel,Sudy,isudyqv@stumbleupon.com,Female,90.0,23.0,32.0,145.0,True,Documentary
968,969,Phillip,Kenyam,pkenyamqw@yelp.com,Male,89.0,33.0,97.0,219.0,True,Drama
969,970,Jessie,Phateplace,jphateplaceqx@oaic.gov.au,Male,43.0,29.0,47.0,119.0,True,Documentary
970,971,Elsi,Capell,ecapellqy@last.fm,Female,11.0,3.0,22.0,36.0,False,Comedy
971,972,Kali,Gidley,kgidleyqz@google.fr,Female,50.0,39.0,38.0,127.0,True,Animation|Children|Fantasy|Musical
972,973,Leupold,Gladdis,lgladdisr0@paypal.com,Male,79.0,29.0,47.0,155.0,True,Comedy|Drama|Romance
973,974,Britteny,Yirrell,byirrellr1@nature.com,Female,67.0,40.0,6.0,113.0,True,Comedy|Romance
974,975,Clare,Toffoletto,ctoffolettor2@facebook.com,Male,89.0,70.0,79.0,238.0,True,Comedy|Drama|Romance
975,976,Fae,Batstone,fbatstoner3@patch.com,Female,10.0,44.0,20.0,74.0,False,Drama
976,977,Valle,Gage,vgager4@reddit.com,Male,80.0,32.0,90.0,202.0,True,Comedy|Romance
977,978,Tades,Cochern,tcochernr5@hud.gov,Male,46.0,93.0,77.0,216.0,True,Crime|Drama|Thriller
978,979,Ker,Brewins,kbrewinsr6@loc.gov,Male,49.0,82.0,53.0,184.0,True,Comedy
979,980,Dunc,Matthewson,dmatthewsonr7@opensource.org,Male,51.52040816326531,22.0,97.0,170.5204081632653,True,Comedy|Drama|Thriller
980,981,Tammy,Mirfield,tmirfieldr8@smh.com.au,Male,83.0,16.0,49.0,148.0,True,Drama|Fantasy|Horror|Mystery
981,982,Henriette,Eglise,hegliser9@odnoklassniki.ru,Female,2.0,61.0,31.0,94.0,False,Animation|Comedy
982,983,Rana,Walklott,rwalklottra@nasa.gov,Female,53.0,66.0,74.0,193.0,True,Comedy|Drama|Romance
983,984,Bill,Lonsdale,blonsdalerb@opensource.org,Male,7.0,94.0,84.0,185.0,True,Comedy
984,985,Dyanne,Figgins,dfigginsrc@so-net.ne.jp,Female,69.0,54.0,16.0,139.0,True,Comedy
985,986,Sancho,Gossington,sgossingtonrd@netvibes.com,Male,17.0,67.0,30.0,114.0,True,Documentary
986,987,Elsa,Crolly,ecrollyre@clickbank.net,Female,52.0,59.0,69.0,180.0,True,Action|Drama
987,988,Hermie,Ortes,hortesrf@tumblr.com,Male,13.0,57.0,61.0,131.0,True,Comedy
988,989,Garey,Bennie,gbennierg@stanford.edu,Male,16.0,21.0,83.0,120.0,True,Action|Comedy|Crime|Drama|Thriller
989,990,Hatti,Budge,hbudgerh@bbb.org,Female,82.0,4.0,18.0,104.0,False,Drama|Thriller
990,991,Adriano,Roumier,aroumierri@bbc.co.uk,Male,97.0,21.0,53.0,171.0,True,Comedy|Musical
991,992,Retha,Lorenz,rlorenzrj@w3.org,Female,46.0,83.0,14.0,143.0,True,Drama|Musical|Romance
992,993,Ciel,Sherebrook,csherebrookrk@elegantthemes.com,Female,76.0,91.0,79.0,246.0,True,Comedy
993,994,Reyna,Deacock,rdeacockrl@bbb.org,Female,11.0,43.0,42.0,96.0,False,Comedy
994,995,Carleen,Piscopo,cpiscoporm@cisco.com,Female,13.0,70.0,7.0,90.0,False,Children|Drama
995,996,Virge,Hawkin,vhawkinrn@so-net.ne.jp,Male,31.0,49.0,96.0,176.0,True,Action|Adventure|Animation|Sci-Fi|Thriller
996,997,Etty,Lippiello,elippielloro@a8.net,Female,88.0,92.0,42.0,222.0,True,Drama|Horror
997,998,Sadie,Rosenwasser,srosenwasserrp@example.com,Female,42.0,11.0,22.0,75.0,False,Drama
998,999,Jacklin,Brightie,jbrightierq@histats.com,Female,68.0,12.0,67.0,147.0,True,Comedy
999,1000,Darsey,Trude,dtruderr@wix.com,Female,51.52040816326531,64.0,66.0,181.5204081632653,False,Animation|Children
